-- phpMyAdmin SQL Dump
-- version 4.9.2
-- https://www.phpmyadmin.net/
--
-- Host: 127.0.0.1
-- Waktu pembuatan: 09 Nov 2022 pada 02.04
-- Versi server: 10.4.10-MariaDB
-- Versi PHP: 7.3.12

SET SQL_MODE = "NO_AUTO_VALUE_ON_ZERO";
SET AUTOCOMMIT = 0;
START TRANSACTION;
SET time_zone = "+00:00";


/*!40101 SET @OLD_CHARACTER_SET_CLIENT=@@CHARACTER_SET_CLIENT */;
/*!40101 SET @OLD_CHARACTER_SET_RESULTS=@@CHARACTER_SET_RESULTS */;
/*!40101 SET @OLD_COLLATION_CONNECTION=@@COLLATION_CONNECTION */;
/*!40101 SET NAMES utf8mb4 */;

--
-- Database: `import`
--

-- --------------------------------------------------------

--
-- Struktur dari tabel `daily_input`
--

CREATE TABLE `daily_input` (
  `id` int(4) NOT NULL,
  `id_employee` int(4) NOT NULL,
  `date` date NOT NULL,
  `start_time` time NOT NULL,
  `endtime` time NOT NULL,
  `total_time_in_sec` int(6) NOT NULL,
  `total_paid` int(5) NOT NULL,
  `total_packing_cost` float(5,2) NOT NULL
) ENGINE=InnoDB DEFAULT CHARSET=utf8mb4;

--
-- Dumping data untuk tabel `daily_input`
--

INSERT INTO `daily_input` (`id`, `id_employee`, `date`, `start_time`, `endtime`, `total_time_in_sec`, `total_paid`, `total_packing_cost`) VALUES
(1, 1, '2022-10-03', '08:30:00', '16:00:00', 27000, 188, 6.00),
(2, 7, '2022-10-04', '09:25:00', '18:00:00', 30900, 421, 6.38),
(3, 9, '2022-10-07', '09:09:00', '16:18:00', 25740, 86, 18.00),
(4, 1, '2022-10-06', '09:20:00', '16:17:00', 25020, 174, 1.60),
(5, 7, '2022-10-11', '08:45:00', '16:00:00', 26100, 355, 4.00),
(6, 8, '2022-10-14', '09:00:00', '16:00:00', 25200, 7, 0.00),
(7, 8, '2022-10-14', '09:00:00', '16:00:00', 25200, 7, 0.00),
(8, 8, '2022-10-14', '09:00:00', '16:00:00', 25200, 7, 0.00),
(21, 3, '2022-10-17', '08:00:00', '16:00:00', 28800, 176, 0.00),
(22, 5, '2022-10-18', '09:00:00', '16:00:00', 25200, 154, 1.73),
(23, 4, '2022-10-18', '08:00:00', '16:00:00', 28800, 96, 2.46),
(24, 4, '2022-10-21', '09:00:00', '17:00:00', 28800, 96, 0.94),
(25, 7, '2022-10-18', '08:00:00', '15:00:00', 25200, 343, 14.29),
(26, 7, '2022-10-24', '09:00:00', '17:00:00', 28800, 392, 6.64),
(27, 0, '0000-00-00', '00:00:00', '00:00:00', 0, 0, 0.00),
(28, 0, '0000-00-00', '00:00:00', '00:00:00', 0, 0, 0.00);

-- --------------------------------------------------------

--
-- Struktur dari tabel `daily_input_detail`
--

CREATE TABLE `daily_input_detail` (
  `id` int(5) NOT NULL,
  `id_daily_input` int(5) NOT NULL,
  `fnsku` varchar(15) NOT NULL,
  `pcs` int(5) NOT NULL,
  `qty` int(5) NOT NULL
) ENGINE=InnoDB DEFAULT CHARSET=utf8mb4;

--
-- Dumping data untuk tabel `daily_input_detail`
--

INSERT INTO `daily_input_detail` (`id`, `id_daily_input`, `fnsku`, `pcs`, `qty`) VALUES
(1, 1, 'X0015Q00TF', 2, 2),
(2, 1, 'X002CDFNKB', 12, 3),
(3, 1, 'X00161A6PH', 12, 12),
(4, 1, 'X00161A6PH', 12, 12),
(5, 2, 'X002VIV3ER', 12, 10),
(6, 3, 'X0019YWD11', 12, 23),
(7, 4, 'X002CDFWRF', 12, 45),
(8, 5, 'X003AYX0P1', 12, 23),
(9, 5, 'X003B25WOJ', 23, 34),
(10, 5, 'X003783TYH', 12, 23),
(11, 6, 'X001W5VAS9', 10, 10),
(12, 7, 'X001W5VAS9', 10, 10),
(13, 8, 'X001W5VAS9', 10, 10),
(26, 21, 'X002VAASDH', 10, 10),
(27, 22, 'X0015Q00TF', 45, 67),
(28, 22, 'X002XKCFGN', 12, 11),
(29, 23, 'X00174FRTD', 12, 12),
(30, 23, 'X0016ANHQD', 12, 23),
(31, 23, 'X003AYX0P1', 12, 2),
(32, 23, 'X003B23S13', 1, 1),
(33, 23, 'X003AIV10N', 1, 1),
(34, 24, 'X002GH0XEJ', 23, 34),
(35, 24, 'X002VIAGBN', 34, 45),
(36, 26, 'X00234IJOV', 34, 56),
(37, 26, 'X00234IJOV', 1, 1),
(38, 26, 'X003AYX0P1', 0, 0),
(39, 26, 'X003B25WOJ', 0, 0),
(40, 2, 'x002viv3er', 12, 12),
(41, 2, 'X002VIV3ER', 23, 34),
(42, 2, 'X002VIV3ER', 10, 10),
(43, 26, 'X00234IJOV', 2, 2),
(44, 4, 'X002VAASDH', 12, 1),
(45, 25, 'X003B23S13', 12, 12),
(46, 2, 'X003AYX0P1', 0, 0),
(47, 2, 'X003AYX0P1', 0, 0),
(48, 4, 'X0015SDOIR', 0, 12),
(49, 4, 'X002VAASDH', 0, 12),
(50, 4, 'X00234IJOV', 0, 4),
(51, 4, 'X00174FRTD', 0, 23),
(52, 4, 'X00174FRTD', 0, 12),
(53, 25, 'X003AYX0P1', 0, 12),
(54, 24, 'X003AIV10N', 0, 23),
(55, 22, 'X0015Q00TF', 0, 11),
(56, 0, '', 0, 0),
(57, 0, '', 0, 0);

-- --------------------------------------------------------

--
-- Struktur dari tabel `department`
--

CREATE TABLE `department` (
  `id` int(11) NOT NULL,
  `dep_name` varchar(30) NOT NULL
) ENGINE=InnoDB DEFAULT CHARSET=utf8mb4;

--
-- Dumping data untuk tabel `department`
--

INSERT INTO `department` (`id`, `dep_name`) VALUES
(1, 'Human Resources'),
(2, 'Information Technology'),
(3, 'Accounting and Finance'),
(4, 'Marketing'),
(5, 'Research and Development'),
(6, 'Production');

-- --------------------------------------------------------

--
-- Struktur dari tabel `employee`
--

CREATE TABLE `employee` (
  `id` int(11) NOT NULL,
  `first_name` varchar(20) NOT NULL,
  `last_name` varchar(20) NOT NULL,
  `email` varchar(30) NOT NULL,
  `phone` int(11) NOT NULL,
  `role_id` int(11) NOT NULL,
  `id_department` int(11) NOT NULL,
  `employee_status` int(2) NOT NULL,
  `rate` int(11) NOT NULL
) ENGINE=InnoDB DEFAULT CHARSET=utf8mb4;

--
-- Dumping data untuk tabel `employee`
--

INSERT INTO `employee` (`id`, `first_name`, `last_name`, `email`, `phone`, `role_id`, `id_department`, `employee_status`, `rate`) VALUES
(1, 'Vicky Aditya', 'Rifai', 'vicky@mail.com', 2147483647, 1, 2, 11, 25),
(3, 'First Employee', 'Name', 'asd@mail.com', 123123, 2, 4, 12, 22),
(4, 'Employee', 'Name', 'name@mail.com.d', 909090990, 2, 5, 11, 12),
(5, 'Fourth', 'Employee', 'fourth@mail.com', 12342131, 2, 3, 12, 22),
(6, 'Fifth', 'Employee', 'fiftg@mail.com', 123123123, 2, 3, 12, 12),
(7, 'Kamal', 'Shah', 'kamal@mail.com', 120201203, 1, 3, 11, 49),
(8, 'testkuy', 'asda', 'mal@mail.com', 1121212, 2, 1, 12, 1),
(9, 'Test', 'User', 'user@mail.com', 12012121, 2, 6, 11, 12);

-- --------------------------------------------------------

--
-- Struktur dari tabel `import_result`
--

CREATE TABLE `import_result` (
  `id` int(11) NOT NULL,
  `title` varchar(255) NOT NULL,
  `msku` varchar(12) NOT NULL,
  `asin` varchar(15) NOT NULL,
  `fnsku` varchar(15) NOT NULL,
  `pcs` int(5) NOT NULL,
  `qty` mediumint(5) NOT NULL
) ENGINE=InnoDB DEFAULT CHARSET=utf8mb4;

--
-- Dumping data untuk tabel `import_result`
--

INSERT INTO `import_result` (`id`, `title`, `msku`, `asin`, `fnsku`, `pcs`, `qty`) VALUES
(1, 'Swiffer Sweeper Wet Mopping Pad Multi Surface Refills for Floor Mop, Lavender & Vanilla', '1050899930', 'B0035G077M', 'X003AYX0P1', 24, 37),
(2, '12 Ounce Bar Ice Scoop, Dry Bin Scoop, Dry Goods Scoop, Candy Scoop, Spice Scoop, Aluminum by Royal Industries, , Commercial Grade', '1050941653', 'B008NAXM22', 'X003B25WOJ', 23, 37),
(3, 'Royal Industries Pastry Brush, Nylon Bristles with Plastic Handle, 3\", Commercial Grade', '1050941786', 'B002X3PSEU', 'X003B23S13', 13, 14),
(4, 'Crayola 8ct Broad Markers Bold', '1050616936', 'B002VLG42Y', 'X003AIV10N', 1, 24),
(5, 'ZEISS Lens Wipes, 220 ct. 3 Pack (660 Total)', '1050514229', 'B07YSW352Z', 'X003ADI26T', 0, 0),
(6, 'DMC Thread 6-Strand Embroidery Cotton 8.7 Yards Light Peach 117-754 (12-Pack)', '1050368093', 'B0033P6QXE', 'X003A4ZSRT', 0, 2),
(7, 'DMC Thread 6-Strand Embroidery Cotton 8.7 Yards Light Steel Gray 117-318 (12-Pack)', '1050368097', 'B0033PE6S6', 'X003A556YD', 0, 0),
(8, 'Swiffer Wet Cloths, PK12', '1050256107', 'B0015ZW6BU', 'X0039Y33LD', 0, 0),
(9, 'Dettol Anti Bacterial Body Wash, Moisture, 21.1 Ounce/625 Ml (Pack of 2)', '1037291019', 'B08MJ81YCL', 'X002PMIAI1', 0, 0),
(10, 'Arm & Hammer Ultra Max Fresh Scent Solid Antiperspirant Deodorant 2.6 oz (Pack of 6)', '1049881214', 'B00E3E8A4M', 'X0039CHO0L', 0, 0),
(11, 'Glade Air Freshener Spray - Lemon Fresh - Net Wt. 8 OZ (227 g) Per Can - Pack of 3 Cans', '1049955140', 'B08QDM2WTG', 'X0039GPMP1', 0, 0),
(12, 'Bright Royal Blue Paper Plate Big Party Pack, 50 Ct', '1049849099', 'B001QF09GS', 'X0039AU7XT', 0, 0),
(13, 'Non Toxic Gold Body Paint - 100ml, 1 Ct', '1049849143', 'B01AKDNS3M', 'X0039AXJZ7', 0, 0),
(14, 'Shout Stain Remover Wipes, Travel Size - 4 ct - 2 pk', '1049591905', 'B00N8ESV88', 'X0038WILGX', 0, 0),
(15, 'Arm & Hammer Pure Baking Soda, 8 oz', '1029326381', 'B00032BPCM', 'X002BU66H9', 0, 0),
(16, 'Palmolive Ultra Liquid Dish Soap | Soft Touch on Hands | Tough-on-Grease | Concentrated Formula | Passion Fruit & Mandarin Scent - 20 Ounce Bottle (Pack of 3)', '1049601592', 'B0826ML67S', 'X0038WVJDP', 0, 0),
(17, 'Buddeez Coffee and More Dispenser with Scoop', '1049509639', 'B000IKE57Q', 'X0038RTIE7', 0, 0),
(18, 'Ziploc 01132 10 Count44; 2 Gallon - Jumbo Freezer Bags', '1049509716', 'B074W9ZY4W', 'X0038RTG2B', 0, 0),
(19, 'Scotch-Brite Clean & Rinse Scrubber - 2 ct, 4 Pack (Total 8 sponges)', '1049509796', 'B07N6N24HL', 'X0038RKK1H', 0, 0),
(20, 'Salon Grafix Shaping Hair Spray Super Hold Unscented 10 oz (Value Pack of 2), Packaging May Vary', '1049435270', 'B00E4MKB40', 'X0038NKT0D', 0, 0),
(21, 'ZEISS Pre-Moistened Lens Cleaning Wipes, 200 Count', '1049457467', 'B00GL64QG6', 'X0038OMZ3B', 0, 0),
(22, 'Vaseline Pure Petroleum Jelly, Original 15.22 Oz - 450 ml', '1024977920', 'B07MD6HJT4', 'X0022K2Q4Z', 0, 0),
(23, 'Method++Bamboo+Scent+All+Purpose+Cleaner++28+oz.+Liquid 2 Pack', '1049210593', 'B07V7GRTK5', 'X0038B0419', 0, 0),
(24, 'Glade Solid Air Freshener Gel Hawaiian Breeze - 6 oz. (Pack of 4)', '1049210694', 'B081J5FC13', 'X0038AS2MX', 0, 0),
(25, 'Crayola 18 Ct Twistables Colored Pencils', '1049165491', 'B000GYZ2CG', 'X00387VJXF', 0, 0),
(26, 'ARM & HAMMER Pure Baking Soda 8 oz', '1049216831', 'B007SUVIXS', 'X0038B6GKH', 0, 0),
(27, 'BAND-AID Flexible Fabric Bandages One Size Travel Pack, 8 Count, Pack of 24', '1049149360', 'B0125981RC', 'X003873O9R', 0, 0),
(28, 'Rubbermaid Commercial 1924816 Maximizer Mop Head, Microfiber Blend, Large, Red', '1048677777', 'B00Q4MHIKI', 'X0037HYWKD', 0, 0),
(29, 'San Jamar T1759TBK Ultrafold Multifold/C-Fold Towel Dispenser, Oceans, Black Pearl', '1048678175', 'B00ROR5UDY', 'X0037HYZSR', 0, 0),
(30, 'Joy Ultra Dishwashing Liquid, Lemon Scent, 90-ounce', '1048513408', 'B01IQ9SG4I', 'X003783SQL', 0, 0),
(31, 'Kaboom with the Power of Oxi Clean Stain Fighters Shower, Tub & Tile Cleaner, 32.0 FL OZ - Pack of 1', '1048513497', 'B07BLJB5JN', 'X00378386V', 0, 0),
(32, 'Pampers Baby Wipes Tub, Sensitive, 64 Count (Pack of 3)', '1048513578', 'B0733J8PWQ', 'X00378395B', 0, 0),
(33, 'Glade Solid Air Freshener, 6 OZ (Clean Linen, Pack of 12)', '1048513637', 'B07G7F5J7P', 'X0037839SX', 0, 0),
(34, 'LYSOL All Purpose Cleaner Trigger - Mango & Hibiscus 32 oz (Pack of 3)', '1048513670', 'B083TMG2F8', 'X003783EM9', 0, 0),
(35, 'Cleans and Cuts Through Grease and Grime, and Deodorizes,Multi-Surface Cleaner, Spray Bottle, Lemon, 32 Ounces By Formula 409 (Pack of 4) - Packaging may vary', '1048513744', 'B07HQ87DHY', 'X003783TYH', 12, 23),
(36, 'Irish Spring Aloe Bar Soap 3.75 Oz-pack of 20 Bars', '1048515001', 'B004QONP4O', 'X00378098L', 0, 0),
(37, 'PURELL Hand Sanitizing Wipes, Clean Refreshing Scent, 40 Count Sanitizing Wipes Table Top Canisters (Pack of 3) - 9120-03-EC', '1048563063', 'B00WK260JG', 'X0037AYN5J', 0, 0),
(38, 'Royal Industries Bastry Brush, Wood Handle, Natural Boar Bristle, Plastic Band, 1 1/2\", Commercial Grade', '1048541549', 'B008NAJD5C', 'X00379ODTL', 0, 0),
(39, 'SheaMoisture Moisture Retention Shampoo for Dry, Damaged or Transitioning Hair Raw Shea Butter Shampoo to Hydrate Hair 13 oz 2 Count', '1048387994', 'B091DB16R7', 'X003718QYH', 0, 0),
(40, 'Palmolive Ultra Antibacterial Orange Dish Liquid, 10-Ounce Pack of 3', 'YP-L0HP-63F4', 'B00Y1K1JK0', 'X00374TQ1B', 0, 0),
(41, 'SC Johnson 02246 Shout Instant Stain Remover Wipes - 12', '1048413879', 'B0000DIWIK', 'X00372RJQ7', 0, 0),
(42, 'Vaseline Intensive Care Healthy Hand Stronger Nails Lotion, 3.4 Fl Ounce (Pack of 3)', '1047697656', 'B07MVSFP5K', 'X0035RK2RR', 0, 0),
(43, 'Lady Speed Stick Zero Deodorant Stick, Simply Clean (Pack of 4)', '1047697780', 'B081J5DNJ6', 'X0035RH9QJ', 0, 0),
(44, 'JASON Hand & Body Lotion Cocoa Butter, 8 Fl Oz', '1047697801', 'B00D7APWJO', 'X0035RHPB3', 0, 0),
(45, 'Mitchum Advanced Gel Anti-Perspirant & Deodorant, Mountain Air 2.25 oz (Pack of 4)', '1047697833', 'B00L5JPC30', 'X0035RHCYN', 0, 0),
(46, 'Ponds Dry Skin Cream 6.5 Ounce Jar (192ml) (2 Pack)', '1047698793', 'B00GXOISA6', 'X0035RLKCX', 0, 0),
(47, '4-Quart Plastic Measuring Cup', '1047878417', 'B004QNWUWS', 'X003690CQZ', 0, 0),
(48, '5-Piece Plastic Measuring Cup Set', '1047878485', 'B006ZC7OM4', 'X00368V2G5', 0, 0),
(49, 'Southern Champion Tray 09455 Premium Clay Coated Kraft Paperboard White Non-Window Lock Corner Bakery Box, 8\" Length x 8\" Width x 5\" Height (Case of 100)', '1047878510', 'B008WCNPXC', 'X00368V14X', 0, 0),
(50, 'Barista Rock Candy Sugar Sticks (Amber, 100 Count) Non-GMO, Gluten-Free, Fat-Free, Stir Sticks Great for Coffee, Tea, and Cocktails, Unwrapped', '1047878561', 'B08CMWFCYP', 'X00368V1GB', 0, 0),
(51, 'McCormick Culinary Ground Cayenne Pepper, 4.5 lbs', '1047878597', 'B008OGCV4A', 'X0036943BF', 0, 0),
(52, 'Strawberry Reï¿½l, Strawberry Puree Infused Syrup, 16.9 FL OZ Squeezable Bottle (Pack of 1)', '1047878610', 'B00L3ZCFWC', 'X003690K9J', 0, 0),
(53, 'Seventh Generation Dishwasher Detergent Packs, Free & Clear, 45 count', '1047878695', 'B00MY3A8YE', 'X003694IGZ', 0, 0),
(54, 'Plastic Ice Bucket - 9\" x 9 1/2\" - Clear - 1 Pc.', '1047624654', 'B00J0HYRYO', 'X0035NODNZ', 0, 0),
(55, 'Assorted Award Medals ,13\", Pack of 12', '1047624662', 'B004NHSLY8', 'X0035NL9IH', 0, 0),
(56, 'Blast Off Birthday Rocket Treat Stand | 15 4/5\" x 13\" | Multicolor | 1 Pc', '1047624694', 'B07NW58MWG', 'X0035NOBTL', 0, 0),
(57, 'Plastic Casino Gold Coins, 144 Ct - Pacakaging May Vary', '1047624705', 'B001QEYGIG', 'X0035NGNVZ', 0, 0),
(58, 'Encanto Themed Hanging Spiral Decorations - 5 Inches - Multicolor - Pack of 12', '1047624806', 'B09JV2JZTC', 'X0035NLAQ3', 0, 0),
(59, 'Football Themed Touchdown Luncheon Napkins - 6 1/2\" x 6 1/2\" - 125 Pcs', '1047624819', 'B0097B01HU', 'X0035NOD0N', 0, 0),
(60, 'Amscan Big Party Pack 50 Count Plastic Cups, 18-Ounce, Berry, (Pack of 1)', '1047624840', 'B004UPYKDO', 'X0035NGOZF', 0, 0),
(61, 'Amscan 436810.106, Big Party Pack Plastic Cups, 50 Count (Pack of 1), New Purple', '1047624864', 'B004UPYOFI', 'X0035NOI3P', 0, 0),
(62, 'Palmolive Pure + Clear Concentrated Dish Washing Liquid 10 Fl Oz (2 pack)', '1047592805', 'B00IZHYE8Y', 'X0035M4Y0D', 0, 0),
(63, 'Nivea Bath Cream, With Sparkle Diamonds and Fragrance of Calla White, 750ï¿½ml, Pack of 3', '1047262881', 'B07DJK3Y4N', 'X00356QP3X', 0, 0),
(64, 'Suave Kids 2-in-1 Shampoo Smoothers Fairy Berry Strawberry 12 oz (Pack of 3)', '1047262883', 'B00GY81VJQ', 'X00356P61Z', 0, 0),
(65, 'Glad Cling Wrap Clear Plastic Wrap, 200 Sq Ft (Pack of 3)', '1047262967', 'B00J5IN014', 'X00356SE5P', 0, 0),
(66, 'Brilloï¿½ Steel Wool Soap Pads, Original Scent (Red), 10-Count', '1047104139', 'B0048HJBYC', 'X0034ZOJKV', 0, 0),
(67, 'Brilloï¿½ Steel Wool Soap Pads, Lemon, 10-Count', '1047104355', 'B004YDM8JA', 'X0034ZOPTL', 0, 0),
(68, 'Downy Infusions Fabric Softener, Lavender Serenity, 105 Little Sheets (Pack of 2)', '1047104954', 'B01MYG27UO', 'X0034ZUCMF', 0, 0),
(69, 'Cascade, Platinum Fresh 21 Count, 11.7 Ounce', '1047118827', 'B07NDS9M84', 'X003502KFL', 0, 0),
(70, 'Handi Wipes Clorox Multi-Use Reuseable Cloths, 36 Count', '1046979152', 'B0779JH1ZL', 'X0034T72QF', 0, 0),
(71, 'Clorox Handi Wipes Multi-Use Reusable Cleaning Cloths 21\" X 11\" 6 Count (Pack of 4)', '1046979329', 'B009GMVK0W', 'X0034T30YN', 0, 0),
(72, 'Clorox Handi Wipes Multi-Use Reuseable Cloths 6 ct', '1046979412', 'B004X8P1UO', 'X0034T8AF7', 0, 0),
(73, 'Arm and Hammer Fridge Fresh Baking Soda Disc (Pack of 2) Church and Dwight', '1046994745', 'B00IRHF22Y', 'X0034U85JH', 0, 0),
(74, 'Vaseline Original Petroleum Jelly 50ml - Pack of 2', '1047014464', 'B01M1V84CY', 'X0034V6ZH5', 0, 0),
(75, 'Duck Smooth Top EasyLiner, 12-inch x 10 Feet, Grey Damask', '1047100390', 'B00PXM6F9U', 'X0034ZBE4P', 0, 0),
(76, 'Rubbermaid 1G1706WHT Enhanced Microbal Sink Mat, Small, White', '1046611696', 'B000LX5X1M', 'X0034AD8E9', 0, 0),
(77, 'Arm & Hammer Ultra Max Invisible Solid Antiperspirant Deodorant, Fresh, 1 Ounce Travel Size (Pack of 10)', '1046478648', 'B01I4915Z2', 'X003432AVD', 0, 0),
(78, 'Vaseline Lip Therapy Original.25 oz (Pack of 5)', '1046414638', 'B01IAEJUXU', 'X0033Z2PDF', 0, 0),
(79, 'Kiss Brush-On Nail Glue 0.17oz (1 Pack)', '1046445797', 'B009F9UCIC', 'X00341GYA3', 0, 0),
(80, 'Kiss Brush-On Nail Glue (3 Pack)', '1046445811', 'B01AX2XWP4', 'X00341AMHT', 0, 0),
(81, 'Kiss Brush-On Nail Glue (2 Pack)', '1046445824', 'B01AX2XVL4', 'X00341G5AR', 0, 0),
(82, 'Dettol Sensitive Liquid Hand Wash - 200 ml', '1046310925', 'B084QHZF89', 'X0033T5FHJ', 0, 0),
(83, 'Vaseline Intensive Care Advanced Repair Unscented Healing Moisture Lotion, 20.3 oz (Pack of 2)', '1045541259', 'B00JGQDFQK', 'X0032SAGVB', 0, 0),
(84, 'Dial Body Wash, Lavender & Twilight Jasmine with All Day Freshness, 16 Fluid Ounces (Pack of 3)', '1045541368', 'B076TVTW6X', 'X0032S95Q3', 0, 0),
(85, 'Arm & Hammer Ultra Max Antiperspirant Deodorant 1 Ounce Travel Size (Pack of 2)', '1045145086', 'B07JNF8LXP', 'X0032AC81P', 0, 0),
(86, 'Arm & Hammer Ultra Max Solid Antiperspirant Deodorant, Powder Fresh, 1 Ounce Travel Size (Pack of 10)', '1045145116', 'B07CRR7PC5', 'X0032A6AO1', 0, 0),
(87, 'Kleenex Everyday Pocket Packs Facial Tissues (32 Packs of 9 Tissues) Total 288 Tissues', '1044899943', 'B01MSWM589', 'X0031Y7RAJ', 0, 0),
(88, 'Mr. Clean Bliss Premium 1-Pair Latex-Free Gloves, Medium, White', '1044340389', 'B00F5P4F42', 'X00317KEDN', 0, 0),
(89, 'Coast Refreshing Deodorant Soap Bar - 16 Bars - Thick Rich Lather Leaves Your Body Feeling Energized And Clean - Classic Pacific Force Scent', '1044340448', 'B07B7FVFBX', 'X00317CFSF', 0, 0),
(90, 'Vaseline Intensive Care Aloe Soothe Lotion 400Ml - Pack of 2', '1044340471', 'B017WJUNAS', 'X00317EWYZ', 0, 0),
(91, 'Vaseline Petroleum Jelly 3.75 Oz(PK3)', '1044340561', 'B0167JSS9C', 'X00317EN21', 0, 0),
(92, 'Crayola Crayons 24 Colors', '1007411083', 'B005SFUTO4', 'X0015Q00TF', 45, 11),
(93, 'Q-Tips Cotton Swabs, 170 Count, 2-Pack', '1044287757', 'B00NFUB81M', 'X00313C1L5', 0, 0),
(94, 'Business Source 12-Inch Stainless Steel Non-Skid Ruler (32361)', '1044206380', 'B004E3PNSS', 'X0030XS723', 0, 0),
(95, 'Dettol Skincare Liquid Hand Wash 200ml', '1044138310', 'B004QCH2N6', 'X0030TTBDB', 0, 0),
(96, 'Royal Industries Bastry Brush, Wood Handle, Natural Boar Bristle, Plastic Band, 4\", Commercial Grade', '1043870780', 'B008NAJF6E', 'X0030BRQHR', 0, 0),
(97, 'Royal Industries Bastry Brush, Wood Handle, Natural Boar Bristle, Plastic Band, 2\", Commercial Grade', '1043896501', 'B008NAJDUW', 'X0030D1DBF', 0, 0),
(98, 'Paper Mate (2254) Mirado Black Warrior Lead Pencils, (Medium) Soft (12 Count) (3 Pack of 12)', '1043718303', 'B00WP5AVDY', 'X00303HUCB', 0, 0),
(99, 'Blistex Lip Medex.25-Ounce (Pack of 12)', '1043654367', 'B00I3INX00', 'X002ZZZGFN', 0, 0),
(100, 'Blistex Lip Medex External Analgesic/Lip Protectant 0.25 oz (Pack of 6)', '1043654385', 'B00VYYL2BW', 'X002ZZZGJT', 0, 0),
(101, 'Dettol Body Wash and shower Gel, Refresh - 250ml', '1043459556', 'B07XTSQT4R', 'X002ZPFN15', 0, 0),
(102, 'Purell Advanced Hand Sanitizer Refreshing Gel, 1 Fl Oz (3-Pack)', '1029942442', 'B00ECKFHQ6', 'X002CVEFJX', 0, 0),
(103, 'Dawn Ultra Apple Blossom Hand/Dish Soap 7 oz 3-pack', '1042869385', 'B08F4ZJXWW', 'X002YT4HC3', 0, 0),
(104, 'Sea Breeze Astringent 10 Ounce Original (295ml) (3 Pack)', '1042684146', 'B07GX8L5R4', 'X002YJ6B1N', 0, 0),
(105, 'Garnier Fructis Full and Plush Volumizing Shampoo For Oily, Flat, Fine Hair, Made with Active Fruit Protein for Fuller and Healthy Hair, Vegan and Cruelty Free, 12.5 Fl Oz (370 ml)', '1042684156', 'B01M7X9PLZ', 'X002YJFJHP', 0, 0),
(106, 'Shower to Shower, Absorbent Body Powder Original Fresh, 13 oz', '1042708522', 'B005IHTFM4', 'X002YKP2IZ', 0, 0),
(107, 'Shower to Shower, Absorbent Body Powder Morning Fresh, 13 oz', '1042708550', 'B005IHUTPG', 'X002YKND5T', 0, 0),
(108, 'Shea Moisture Raw Shea Shampoo 13 Ounce (384ml) (2 Pack)', '1042708589', 'B01526EJUI', 'X002YKJJUH', 0, 0),
(109, 'Orajel, Instant Pain Relief Gel, Severe Toothache - 0.25 oz, 2 Pack', '1042714606', 'B00EP238NK', 'X002YL3D03', 0, 0),
(110, 'Scrubbing Bubbles Mega Shower Foamer With Ultra Cling Trigger, Pack of 3, 32 Ounce', '1042610978', 'B07JHV7CPK', 'X002YF0XYD', 0, 0),
(111, 'Handi Wipes Heavy Duty 3Ct 6-Pack', '1042375031', 'B01FZPJGYU', 'X002XZRP9P', 0, 0),
(112, 'Chore Boy Golden Fleece Scrubbing Cloths | 2-Units per Pack | 4-Pack | (Total of 8 Scrubbing Cloths)', '1042375073', 'B07482NH1V', 'X002XZSSRD', 0, 0),
(113, 'Scrubbing Bubbles Foaming Bathroom Cleaner with Bleach - 32 oz - 3 pk', '1042291777', 'B07B3VDT2Z', 'X002XUQEND', 0, 0),
(114, 'Rit Dye Powder Dye 1-1/8 Ounce - Pack of 3, Lemon Yellow', '1042105565', 'B00F3T1QOM', 'X002XJYKH1', 0, 0),
(115, 'Rit Dye Liquid Dye, 8 fl oz, Royal Blue, 3-Pack', '1042105625', 'B06XFZZ8GH', 'X002XK0HNV', 0, 0),
(116, 'Rit Dye Liquid Dye, 8 fl oz, Navy Blue, 3-Pack', '1042105753', 'B00F3T1V60', 'X002XJYZ3F', 0, 0),
(117, 'Crayola 68-4024 Long Colored Pencils 24 Count (pack of 3)', '1042106825', 'B0033M2I9S', 'X002XK300N', 0, 0),
(118, 'Zilla Reptile Habitat Dï¿½cor Hideouts Bark Bends, Medium', '1042112455', 'B001OVD6QO', 'X002XKCFGN', 12, 11),
(119, 'ROY TN 151 200 -Royal Industries Number 151-200 Plastic Number Card Set, Plastic, 4\' by 4\', White Base with Black Numbers', '1041943891', 'B001TA4SYY', 'X002XAXU8F', 0, 0),
(120, 'Andrews Salts Original Instant Relief from Upset Stomach, Heartburn, Indigetsion- 50 sachets', '1041675490', 'B07581F47J', 'X002WVVZ5Z', 0, 0),
(121, 'Vaseline Pure Jelly Jar 1.8 Oz(3PK)', '1041675726', 'B00KOCI20E', 'X002WVPRBD', 0, 0),
(122, 'White Dove Cotton Balls, Pure Cotton, 100 Ct (3 Pack)', '1019450626', 'B077DPR85S', 'X001RJP8R9', 0, 0),
(123, 'White Dove Cotton Balls, 100% Pure Cotton, 100Ct (2 Pack)', '1020024753', 'B0779MGFH3', 'X001SNA3T7', 0, 0),
(124, 'Crayola 68-4410 Erasable Colored Pencils 10 Count - 6 Pack (60 count)', '1041179956', 'B0044UGLOQ', 'X002W3HD1X', 0, 0),
(125, 'Crayola Multi Color Childerns Chalk, 12 per Pack 36 Packs per case', '1041180169', 'B007XZW9WM', 'X002W3L5J9', 0, 0),
(126, 'Self Adjusting Extra Control Mousse Finesse Mousse Unisex 7 oz (Pack of 5)', '1041180427', 'B075M2ZYCM', 'X002W3IBVJ', 0, 0),
(127, 'Fix-A-Flat Tire Sealant and Car/SUV Tire Inflator 20oz', '1041180509', 'B01FX5TKGQ', 'X002W37QTR', 0, 0),
(128, 'Jergens Natural Glow 3 Days to Glow Moisturizer, Medium to Tan 4 oz (Pack of 3)', '1041180764', 'B00JOLLIFC', 'X002W3E3DT', 0, 0),
(129, 'Kiss Brush-On Nail Glue (6 Pack)', '1041180907', 'B01AX2XXU8', 'X002W3FBI5', 0, 0),
(130, 'Kiwi 10114 1-1/8 Oz Neutral Shoe Polish', '1041180987', 'B00QMC5JBA', 'X002W3FC61', 0, 0),
(131, 'Magic Razorless Cream Shave Bald Head 6 Ounce Tube (177ml) (3 Pack)', '1041181027', 'B00GMQ2WFM', 'X002W3FCTD', 0, 0),
(132, 'Orajel Maximum Strength Liquid, 0.45 Fl Oz, 1 Count', '1041181150', 'B00A6VAV8O', 'X002W3G9Y5', 0, 0),
(133, 'Right Guard Sport Antiperspirant and Deodorant, Clear Gel, Fresh, 3 Ounce (Pack of 4)', '1041181192', 'B01D0BJDEE', 'X002W3IFYR', 0, 0),
(134, 'Suave Max Hold Non Aerosol Hairpsray Unscented 11 oz (Pack of 5)', '1041181593', 'B01IA9A9SU', 'X002W3GF1H', 0, 0),
(135, 'Suave Body Lotion - Soothing with Aloe - 18 oz - 2 pk', '1041181871', 'B00JGQCLGA', 'X002W3ILHN', 0, 0),
(136, 'Suave Invis SLD Shw Size,2.6 Ounce (Pack of 3) Suave Fresh Invisible Solid Deodorant', '1041181924', 'B00J5K4HFU', 'X002W3HF2F', 0, 0),
(137, 'Veet Legs & Body 3 in 1 Gel Cream, 6.78 oz (Pack of 2)', '1041181973', 'B009P7VKTE', 'X002W3GS69', 0, 0),
(138, 'Crayola Ultra-Clean Washable Markers, Color Max, Fine Line Classic Colors 8 Ea (Pack of 6)', '1041149002', 'B008CBWURA', 'X002W20AMD', 0, 0),
(139, 'Vaseline Petroleum Jelly, Original 13 oz, Pack of 3', '1041264651', 'B001ECQ4L2', 'X002W8DEG1', 0, 0),
(140, 'Dr. Bronnerï¿½s - Organic Sugar Soap (Lemongrass, 24 Ounce) - Made with Organic Oils, Sugar and Shikakai Powder, 4-in-1 Uses: Hands, Body, Face and Hair, Cleanses, Moisturizes and Nourishes, Vegan', '1041080031', 'B001DI776S', 'X002VYILBJ', 0, 0),
(141, 'Loreal Oreor Creme 30 Volume Developer 8 Ounce (235ml) (2 Pack)', '1041080064', 'B00NFVA0B0', 'X002VYEJIN', 0, 0),
(142, 'Mr Bubble Bubble Bath Extra Gentle 16 Ounce (473ml) (3 Pack)', '1041080120', 'B073K2YYF8', 'X002VYPEDR', 0, 0),
(143, 'Shea Moisture Raw Butter Bar Soap, 8 Ounce, Pack of 2', '1041080238', 'B00NGRSRDG', 'X002VY9RI5', 0, 0),
(144, 'SHOWER TO SHOWER Body Powder Morning Fresh 13 oz (Pack of 2)', '1041080278', 'B01IA99NQO', 'X002VYPG2V', 0, 0),
(145, 'Vaseline Intensive Care Cocoa Glow Body Lotion With Pure Cocoa Butter, 13.5 Oz/400 Ml (Pack of 2)', '1041137240', 'B010KPYVN6', 'X002W1HOFF', 0, 0),
(146, 'Vaseline Cocoa Butter Deep Conditioning Body Lotion 13.52 oz', '1041137270', 'B008MTVWRQ', 'X002W1APQ5', 0, 0),
(147, 'Vaseline Lip Therapy Advanced Healing 0.35 oz (Pack of 10)', '1041147134', 'B00IB3ANJ6', 'X002W1YFYN', 0, 0),
(148, 'Coast Refreshing Deodorant Soap Bar - 8 Bars - Thick Rich Lather Leaves Your Body Feeling Energized And Clean - Classic Pacific Force Scent', '1040699723', 'B00C67SFN4', 'X002VQYJ1X', 0, 0),
(149, '24 Count Crayons (12-Pack)', '1040985952', 'B07VW6G1B5', 'X002VSQLAN', 0, 0),
(150, 'Cotton Swabs 375 Ct', '1041015531', 'B074MK42YG', 'X002VUOYRD', 0, 0),
(151, 'Cotton Swabs, Precision Tips, 170 count - (pack of 2)', '1041015542', 'B01KCJB3R2', 'X002VULY8Z', 0, 0),
(152, 'Q-tips Cotton Swabs For Hygiene and Beauty Care Q Tips Precision Cotton Tips Cotton Swab Made With 100% Cotton 170 Count, ( Pack of 3 ) ( Packaging May Vary )', '1041015545', 'B005XIM6J2', 'X002VUJX65', 0, 0),
(153, 'Kaytee Fiesta Healthy Toppings Papaya, 2.5 Ounces (Pack of 4)', '1040824661', 'B01MAYHEZZ', 'X002VIAGBN', 34, 45),
(154, 'Degree Men Original Deodorant 48-Hour Odor Protection Arctic Edge Deodorant For Men 3 oz, Pack of 6', '1040872740', 'B001QXC8FA', 'X002VLJ7FL', 0, 0),
(155, 'TRESemmï¿½ Pro Solutions Shampoo Hair Care for Split Ends Anti-Breakage Shampoo Reduces Hair Breakage Up to 80% 28 oz', '1040872774', 'B00TBJSR1A', 'X002VLVLTV', 0, 0),
(156, 'TRESemmï¿½ Shampoo, Purify & Replenish Deep Cleansing, 28 Fl Oz (Pack of 1)', '1040872856', 'B00TBJT4SK', 'X002VLGFDN', 0, 0),
(157, 'Suave Professionals Shampoo Color Protection 12.6oz', '1040872888', 'B00027C9B4', 'X002VLGGIR', 0, 0),
(158, 'Dove Beauty Bar More Moisturizing Than Bar Soap Gentle Exfoliating With Mild Cleanser For Softer And Smoother Skin 3.75 oz, 2 Bars', '1040872929', 'B000VZZSB0', 'X002VLVPDX', 0, 0),
(159, 'Reynolds Wrap Aluminum Foil, 500 sq ft', '1040829671', 'B001R2NM5U', 'X002VIV0HR', 0, 0),
(160, 'Scrubbing Bubbles Foaming Bathroom Cleaner with Bleach - 32 oz - 2 pk (2)', '1040829754', 'B073SVVKGB', 'X002VIV3ER', 45, 56),
(161, 'Crayola Crayons 24 Count, 6 Pack (52-0024-6)', '1040830002', 'B00VAFI664', 'X002VIX4S5', 0, 0),
(162, 'Vaseline Petroleum Jelly Original 13 oz (Pack of 2)', '1040698436', 'B00GLLI14Y', 'X002VAASDH', 22, 23),
(163, '38 Ounce Bar Ice Scoop, Dry Bin Scoop, Dry Goods Scoop, Candy Scoop, Spice Scoop, Aluminum by Royal Industries, , Commercial Grade', '1040713909', 'B008NAXNTO', 'X002VAU1QL', 0, 0),
(164, 'Q-tips Swabs Travel Pack,30 Count, Pack of 2', '1040498461', 'B07XVK5TPV', 'X002UX2JXR', 0, 0),
(165, 'Q-tips Swabs Purse Pack 30 Each (Pack of 3)', '1040498592', 'B01IAI83QQ', 'X002UX2KHR', 0, 0),
(166, 'Dettol Body Wash and shower Gel, Energize - 250ml', '1040526005', 'B07XTRX2JJ', 'X002UYI5ED', 0, 0),
(167, 'Dettol Sensitive Body Wash Shower Gel - 300 G', '1040553013', 'B088PXG1Q6', 'X002V0F5SZ', 0, 0),
(168, 'Dettol Cool Body Wash Shower Gel - 300 G', '1040553044', 'B08C6YX22K', 'X002V0PCUV', 0, 0),
(169, 'Dettol Original Anti-Bacterial Shower Gel 300g', '1040562027', 'B0136WMXXA', 'X002V1BF7J', 0, 0),
(170, 'Four Paws Pet Select Pee Pee Pads for Dogs and Puppies 14 Count Extra Large: 28\" x 34\"', '1040407218', 'B072DXG9L4', 'X002URNLKN', 0, 0),
(171, 'Nylabone Advanced Oral Care Water Additive for Dogs - Liquid Tartar Remover Original 16 oz. (1 Count)', '1040407338', 'B006YG2GEM', 'X002URNOA5', 0, 0),
(172, 'Zilla Reptile Habitat Dï¿½cor Hideouts Bark Bends, Small', '1040407525', 'B000OQR7C4', 'X002UROX7D', 0, 0),
(173, 'Sikaflex-291, White, General All-Purpose Fast Cure Marine Adhesive and sealant. Polyurethane sealant for Boats, 3 fl. oz Tube', '1040426250', 'B089SCWQ6P', 'X002UTLWJD', 0, 0),
(174, 'Pampers Baby Wipes Tub, Sensitive - 64 Wipes/Tub', '1040439698', 'B001ROSOSI', 'X002UU3C7R', 0, 0),
(175, '3 Pk. Ultra Palmoliveï¿½ Pure Clearï¿½ Ultra Concentrated Dish Liquid, 10 Fl. Oz (30 Fl Oz Total)', '1040172748', 'B07K8R7624', 'X002UDJ8BN', 0, 0),
(176, 'Scrubbing Bubbles Foaming Bathroom Cleaner with Bleach - 32 Fl oz - 2 pk', '1040209092', 'B00MUE5BYY', 'X002UF0S0V', 0, 0),
(177, 'Dial Skin Therapy Enriching Body Wash, Sea Minerals 16 oz (Pack of 2)', '1040209145', 'B07GQ2XK88', 'X002UFEUKP', 0, 0),
(178, 'Drano Kitchen Granules Drain Clog Remover and Cleaner, 17.6 Ounce', '1040209216', 'B07D6WVZMR', 'X002UFEVJP', 0, 0),
(179, 'Dial Glycerin Soap Bars Coconut Water & Bamboo Leaf Extract, 4 oz bars, 3 ea (Pack of 2)', '1040209262', 'B01IAEE0GW', 'X002UF0XK1', 0, 0),
(180, 'Chore Boy Ultimate Copper Scrubber Scouring Pad, Pure Copper (10-Pack)', '1040209312', 'B007VGICGK', 'X002UFF61H', 0, 0),
(181, 'GE Sealants & Adhesives 281 Advanced Silicone 2 Kitchen & Bath Sealant, 2.8oz, White', '1040227344', 'B016TQF65M', 'X002UGA981', 0, 0),
(182, 'Rit Dye Liquid 8 Ounces Teal 8-88040 (3-Pack)', '1040227378', 'B0033PDI0I', 'X002UGIR0X', 0, 0),
(183, 'Rit Dye Liquid 8 Ounces Taupe 8-88340 (3-Pack)', '1040227442', 'B0033PF7JI', 'X002UGIV2H', 0, 0),
(184, 'WB Marvin Frost King AWS1545 Adjustable Window Screen, 15in High x Fits 25-45in Wide, 25-45 W', '1040227493', 'B00004Z13G', 'X002UGQ241', 0, 0),
(185, 'Gorilla Black Duct Tape, 1.88\" x 12 yd, Black, (Pack of 1)', '1040227573', 'B000HQIX2O', 'X002UGPH01', 0, 0),
(186, 'Pyrex Prepware 1-Cup Measuring Cup, Clear with Red Measurements', '1040227629', 'B0000CFMZN', 'X002UGML55', 0, 0),
(187, 'Pyrex Measuring 4 Cup (32 Oz) Glass, Clear, Red', '1040227651', 'B00GBFVGZ6', 'X002UGPVNT', 0, 0),
(188, 'Rit Dye Liquid 8 Ounces Sunshine Orange 8-88430 (3-Pack)', '1040235874', 'B0033PGNZK', 'X002UHH091', 0, 0),
(189, 'Rit Dye Liquid 8 Ounces Evening Blue 8-88270 (3-Pack)', '1040235935', 'B0033PKK7M', 'X002UGV4YJ', 0, 0),
(190, 'Duck Smooth Top EasyLiner, 20-inch x 6 Feet, Black Quatrefoil', '1040236177', 'B00PXMEIU8', 'X002UHCY0V', 0, 0),
(191, 'Mogul Nightlight. Himalayan Pink Salt- Natural Shape (15 WATTS Bulb)', '1039803420', 'B07K2H8NZL', 'X002TQK4DH', 0, 0),
(192, 'Lodge Tempered Glass Lid, 10.25-inch', '1039680661', 'B002R8JNRY', 'X002TJ3C1Z', 0, 0),
(193, 'CDN ProAccurate Oven Thermometer, Pack of 1', '1039680703', 'B00CD5NI0E', 'X002TJ3C8X', 0, 0),
(194, 'American Metalcraft 18711 Aluminum Pizza Screen, 11\" Dia.', '1039680719', 'B000SBRJ9G', 'X002TJ1NGV', 0, 0),
(195, 'Wilton Alphabet and Number Cookie Cutter Set', '1039680771', 'B001ASV27Q', 'X002TJ1P2N', 0, 0),
(196, 'Vollrath 4970220 Ladle - Short Handled 2 oz. Capacity', '1039023989', 'B003A47FBA', 'X002SK9O6R', 0, 0),
(197, 'Vaseline Lip Therapy Advanced Formula 0.35 oz (Pack of 9)', '1038902256', 'B01IA9D2BQ', 'X002SDO6KN', 0, 0),
(198, 'Palmolive Ultra Antibacterial Orange Dish Liquid, 10-Ounce Pack of 3', '1038761707', 'B00Y1K1JK0', 'X002S51RXF', 0, 0),
(199, 'Barfly Ice Bag', '1038786735', 'B07B4Y78WM', 'X002S6BKWH', 0, 0),
(200, '24 Ounce Bar Ice Scoop, Dry Bin Scoop, Dry Goods Scoop, Candy Scoop, Spice Scoop, Aluminum by Royal Industries, , Commercial Grade', '1037050292', 'B008NAXN9Y', 'X002P8JUN9', 0, 0),
(201, 'Norpro Tortilla Press, 8 inch, Silver', '1037050391', 'B000SSSTO8', 'X002P8JVXX', 0, 0),
(202, 'Ryobi Portable Power Inflator for Tires [NEW DIGITAL GAUGE] [18-Volt] [Cordless] [ONE+ Battery system] [P737D] (Battery Not Included, Power Tool Only)', '1036927674', 'B0821S1TZG', 'X002P1HP8X', 0, 0),
(203, 'Mercer Culinary M22907 Millennia Black Handle, 7-Inch, Nakiri Knife', '1036652615', 'B000PS2XKW', 'X002OL0UG3', 0, 0),
(204, 'Norpro 3040 3-1/2 Cup Measuring Funnel Pitcher', '1036780537', 'B01LMB3VQU', 'X002OSIH2Z', 0, 0),
(205, 'Norpro New Measuring Funnel Pancake Batter Pitcher, 3.5-Cup/28oz/900ml (3-Pack)', '1036780559', 'B01LMB80D4', 'X002OSK331', 0, 0),
(206, '5 Ounce Bar Ice Scoop, Dry Bin Scoop, Dry Goods Scoop, Candy Scoop, Spice Scoop, Aluminum by Royal Industries, , Commercial Grade', '1036402002', 'B008NAXOBQ', 'X002O6NUFL', 0, 0),
(207, 'Mogul Tear-Shaped Nightlight. Himalayan Pink Salt Lamp with Wooden Base, UL Certified Cord, and Light Bulb(15 Watts)', '1036402252', 'B07J6RXCYC', 'X002O6M92B', 0, 0),
(208, 'Mogul Cylinder Shaped Nightlight. Himalayan Pink Salt Lamp', '1036402295', 'B07J5F1Y6Q', 'X002O6M9JJ', 0, 0),
(209, 'Amscan Heavyweight Pastel Blue Plastic Spoons, 48 Ct.', '1036395813', 'B00AEHC8RM', 'X002O5PDZR', 0, 0),
(210, 'Amscan Premium Heavy Weight Disposable-Spoons, Standard Size, Light Yellow', '1036395829', 'B00BFX6G8Q', 'X002O5PCC1', 0, 0),
(211, 'Amscan Premium Heavy Weight Disposable-Spoons, Full Size, Magenta', '1036395840', 'B00BFX6JHE', 'X002O5PCOT', 0, 0),
(212, 'Amscan Plastic Lunch Plates, 50 pieces, Leaf Green', '1036395938', 'B00BFX790U', 'X002O60DQP', 0, 0),
(213, '2 Pk. Dawn Ultra Antibacterial Orange Scent Dishwashing Liquid 7oz. (14 Fl. Oz Total)', '1036186151', 'B0815QVXG6', 'X002NU1073', 0, 0),
(214, 'Palmolive Ultra Dish Soap, Orange (Pack of 2)', '1036054261', 'B07HPBGFXT', 'X002NLP87Z', 0, 0),
(215, 'Febreze Unstopables Fresh Wax Melts (8 Melts, 3 Oz)', '1015506930', 'B01MSLRTB2', 'X001L0VJT5', 0, 0),
(216, 'Mogul- Miniature Fire-Bowl Shaped USB Table Lamp. Himalayan Pink Salt Lamp with Wooden Base, UL Certified Cord with USB', '1032133134', 'B07JGCY3KY', 'X002GO4M53', 0, 0),
(217, 'Mogul Circular Shaped Lamp. Himalayan Pink Salt Lamp with Wooden Base, UL Certified Cord with USB', '1032133110', 'B07J9KL85Y', 'X002GNWG5H', 0, 0),
(218, '2 Pk. Dawn Ultra Antibacterial Apple Blossom Dishwashing Liquid & Hand Soap - 7oz. (14 Fl. Oz Total)', '1035582677', 'B085ZZZBC8', 'X002MR3UBL', 0, 0),
(219, 'Palmolive Ultra Soft Touch Liquid Dish Soap | Soft Touch on Hands | Tough-on-Grease | Concentrated Formula | Coconut Butter & Orchid Scent - 20 Ounce Bottle (Pack of 2)', '1035328664', 'B0829P1WY6', 'X002MBINW3', 0, 0),
(220, 'Swiffer Sweeper Dry Sweeping Cloths 16 ea (Pack of 2)', '1035359769', 'B01IAI0WUQ', 'X002ME12PZ', 0, 0),
(221, 'Swiffer Sweeper Dry Sweeping Cloths 16 ea (Pack of 2)', '1035441912', 'B01IAI0WUQ', 'X002MIBZU3', 0, 0),
(222, 'Dawn Dish Soap Original Scent, 7 Fl Oz, Pack of 3', '1035306123', 'B07D85RN5K', 'X002MAGO4D', 0, 0),
(223, 'Head and Shoulders Classic Clean Anti-Dandruff Shampoo 3 oz Travel Size (Pack of 3)', '1035254284', 'B06WVBYLNB', 'X002M77U5N', 0, 0),
(224, 'Palmolive Dish Liq Green, 10 Ounce', '1035159059', 'B003E1PY80', 'X002M0BONJ', 0, 0),
(225, 'Swiffer Starter Kit', '1035031347', 'B00DE8WOQ8', 'X002LU6S9Z', 0, 0),
(226, 'Swiffer Sweeper Wet Mopping Cloth Refill - Open Window Fresh - 24 wet cloths - 2 pk', '1035031828', 'B00J5HROLW', 'X002LU9BR1', 0, 0),
(227, 'Palmolive Ultra Dish Liquid 10Oz Oxy-Plus Power Degreser 3-Pack', '1035063276', 'B0738PVY77', 'X002LVRKTV', 0, 0),
(228, 'Value Pack of 3 Dawn Procter & Gamble 39713 Dish Soap, Ultra Original, 7-oz. Each.', '1035099931', 'B084P9759D', 'X002LX7HK1', 0, 0),
(229, 'Cococare 100% Cocoa Butter Stick - All-Natural Cocoa Butter Emollient for Ultimate Skin Hydration & Protection - The Yellow Stick - (2 Pack)', '1034998448', 'B002LM7QI4', 'X002LR9IJF', 0, 0),
(230, 'Crest 3D White Fluoride Anticavity Toothpaste 0.85 oz (Pack of 2)', '1035031306', 'B01IAFDIUK', 'X002LTOTXD', 0, 0),
(231, 'Palmolive Ultra Soft Touch Almond Milk & Blueberry, Dish Soap, 591 ml / 20 Fl.Oz - 3 Packs', '1034905648', 'B07HHJP7BF', 'X002LM7RWZ', 0, 0),
(232, 'Palmolive Ultra Antibacterial Orange Dish Washing Liquid, 10 oz-2 pack', '1034575300', 'B00IRM6KAC', 'X002L0BEL7', 0, 0),
(233, 'Lot of 3 Coconut Oil Cream 6 Oz/ea Coconut Oil Moisturizing Cream Vitamin E Dry Skin', '1034542639', 'B01M28Y0B0', 'X002KYMC5L', 0, 0),
(234, 'SC Johnson Professional Freezer Bags, For Food Organization and Storage, Double Zipper, 2 Gallon, 100 Count', '1034542656', 'B01NCDWR8A', 'X002KYMCD3', 0, 0),
(235, '3 Pk. Palmolive Ultra Soft Touch Dish Soap, Almond Milk and Blueberry - 10FL. Oz', '1034542676', 'B076KWTYD7', 'X002KYME27', 0, 0),
(236, 'Shout Instant Stain Remover Towelette Wipes (80 count)', '1034543558', 'B073H9MW28', 'X002KYA7DF', 0, 0),
(237, 'Crest 3D White Brilliance Whitening Toothpaste, Vibrant Peppermint, Travel Size, TSA Approved, 0.85 Ounce (Pack of 12)', '1034433932', 'B07D3DCDSC', 'X002KSGZMN', 0, 0),
(238, 'Crayola 68-4012 Colored Pencils, 12-Count, Pack of 2, Assorted Colors', '1034559081', 'B00FX9DFAU', 'X002KZ8899', 0, 0),
(239, 'Crayola Broad Line Markers, Classic Colors 10 Each (Pack of 3)', '1034559183', 'B014DV4E9E', 'X002KYR12F', 0, 0),
(240, 'Crayola Broad Line Markers, Classic Colors 10 Each (Pack of 6)', '1034559238', 'B007NVYLMC', 'X002KYV0S1', 0, 0),
(241, 'Etch A Sketch, Classic Red Drawing Toy with Magic Screen, for Ages 3 and Up', '1034542038', 'B01N1ZVYDM', 'X002KYM5S5', 0, 0),
(242, 'Mogul- Pink Himalayan Salt- Finely Milled Salt- Healthy and Nutritious', '1032895310', 'B07JBKHN8J', 'X002I0BWKX', 0, 0),
(243, 'Mogul- Pink Himalayan Salt- Finely Milled Salt- Healthy and Nutritious', '1032895918', 'B07J6RFQR4', 'X002I0629J', 0, 0),
(244, 'Mogul- Pink Himalayan Salt- Finely Milled Salt- Healthy and Nutritious', '1032895928', 'B07J6RLZY3', 'X002I062C1', 0, 0),
(245, 'Vaseline 100% Pure Petroleum Jelly, Original Skin Protectant, 13 Oz (Pack of 2)', '1034367917', 'B00AET70UA', 'X002KNVMAN', 0, 0),
(246, 'Mrs Meyers Clean Day Limited Edition Peony Scent Kitchen Basics Set', '1012410426', 'B01D6K0D6G', 'X001DN7B0V', 0, 0),
(247, 'Mrs Meyers Mint Kitchen Basics Bundle: 3 items - (1) Dish Soap, (1) Hand Soap, (1) Everyday Cleaner', '1018881313', 'B079VMR1T3', 'X001QICUVX', 0, 0),
(248, 'Set of 3 Trim Deluxe Fingernail Clippers with File bundled by Maven Gifts', '1028905429', 'B01IAFITG8', 'X002AZJO6Z', 0, 0),
(249, 'Palmolive Essential Clean Liquid Dish Soap (Orange Scent, 12.6 Fl. Oz (4 Pack))', '1034066266', 'B078TPJB7B', 'X002K0IFNX', 0, 0),
(250, 'Palmolive Essential Clean, Dish Liquid Soap, Original, 12.6 Fl.oz (4 Pack)', '1034066370', 'B078TJHQS7', 'X002K06HFL', 0, 0),
(251, 'Swiffer Sweeper Dry Sweeping Cloths 16 ea (Pack of 3)', '1033984075', 'B01IAI0YAE', 'X002JUIV6Z', 0, 0),
(252, 'Softsoap Kitchen Citrus Bliss Foaming Liquid Hand Soap, 8 Ounce - 6 per case.', '1033984463', 'B01DLK4G64', 'X002JU3GV5', 0, 0),
(253, '-Royal Industries Pie Pan, 10\" Inside Diameter, 1 1/4\" Deep, Aluminum, 21 Guage, Commercial Grade', '1034014767', 'B008NAJQHM', 'X002JXA88V', 0, 0),
(254, 'Health Smart Super Jumbo Cotton Balls', '1033988732', 'B07ZP8ZZ6S', 'X002JULFJP', 0, 0),
(255, 'Fiesta 14-1/4-Ounce Small Bowl, Turquoise', '1033952119', 'B002MRSFVK', 'X002JTAR31', 0, 0),
(256, 'Palmolive Essential Clean, Orange/Tangerine Scent, Tough on Grease, Soft on Hands 14 Fl.Oz', '1033809449', 'B086HV4NM7', 'X002JKHZDP', 0, 0),
(257, 'Febreze Unstopables Shimmer Wax Melts (8 Melts, 3 Oz)', '1015507011', 'B01N2GG7Z8', 'X001L0W95N', 0, 0),
(258, '16-Ounce Flat Bottom Aluminum Scoop', '1033639835', 'B0029SZNLM', 'X002JAUJ6Z', 0, 0),
(259, 'Mercer Culinary Millennia Colors 6-Inch Produce Knife, Green', '1033619079', 'B00MJ0A5SG', 'X002J983Q9', 0, 0),
(260, 'Swiffer 35154 Wet Refills, Open Window Fresh, 12 Count', '1033441314', 'B002XK09D8', 'X002IYIR6V', 0, 0),
(261, 'Dawn Ultra Platinum Dish Liquid 7 oz Bottle (2 pk)', '1033357696', 'B07VXKSPG3', 'X002ISNDHF', 0, 0),
(262, 'Swiffer Sweeper Wet Mopping Pad Refills for Floor Mop Open Window Scent, White, Fresh, 12 Count', '1033362360', 'B00MNXTBSO', 'X002ITB74P', 0, 0),
(263, 'Kleenex Trusted Care Facial Tissues, 8 On-The-Go Travel Packs, 10 Tissues per Pack (80 Tissues Total) White', '1033209615', 'B00706W9EC', 'X002IIIRSZ', 0, 0),
(264, 'Glad Tall Kitchen Drawstring Recycling Bags - 13 Gallon Blue Trash Bag - 45 Count Each', '1033210206', 'B00A9T30C2', 'X002IJ35KJ', 0, 0),
(265, 'Swiffer Sweeper Wet Mopping Pad Multi Surface Refills for Floor Mop, Gain scent, White, 12 Count', '1032873465', 'B00LM9AIR8', 'X002HYK0A3', 0, 0),
(266, '2 Pack Dawn Ultra Dishwashing Liquid', '1032886608', 'B07V5BWX5K', 'X002HZMXRZ', 0, 0),
(267, 'Dawn Ultra BOTANICALS DISHWASHING Liquid Cherry Blossom 7oz', '1032886610', 'B082GCSC5X', 'X002I005FB', 0, 0),
(268, 'Dawn Botanicals Dishwashing Liquid, Aloe Water', '1032890427', 'B07S8S1T99', 'X002HZWQFJ', 0, 0),
(269, 'Dawn Ultra Antibacterial Dishwashing Liquid 7oz. Orange Scent (Orange)', '1032890925', 'B0813XFYQV', 'X002I00QP5', 0, 0),
(270, 'DAWN Dish Liquid Apple Blossom 7 OZ', '1032890949', 'B081QFBF1X', 'X002I00R45', 0, 0),
(271, 'Degree Deodorant 2.6oz Womens Sheer Powder Twin Pk', '1032895357', 'B00FX0WBNQ', 'X002I0BVO5', 0, 0),
(272, 'Swiffer Sweeper Dry Sweeping Pad Refills, Febreze Lavender Vanilla and Comfort Scent, 16 ct', '1032870686', 'B01ISPZ530', 'X002HYACV5', 0, 0),
(273, 'Swiffer Sweeper Dry Cloth Refill-Lavender Vanilla & Comfort-16 count (2 Pack)', '1032870711', 'B00K96Z69U', 'X002HYMN0D', 0, 0),
(274, 'Palmolive Ultra Lavender & lime, Dish Soap - 60 Fl Oz - 3 Pack x 20 FL Oz / 591 mL Each', '1032781205', 'B07HHJ4SMV', 'X002HPTUOT', 0, 0),
(275, 'Swiffer Sweeper Wet Mopping Cloth Refill - Lavender Vanilla & Comfort - 24 ct', '1032781409', 'B00EV461RW', 'X002HPWIR5', 0, 0),
(276, 'Dove Antiperspirant Deodorant 24-hour Sweat Protection Original Clean Deodorant for Women 2.6 oz, 2 Count', '1032800263', 'B00CHHK65S', 'X002HQSCEH', 0, 0),
(277, 'Swiffer 686696619636 PG-3231 Sweeper Wet Mopping Cloth Refill-Open Window Fresh-24 ct, 24 Count (Pack of 1), Multi', '1032801471', 'B00H0UIIC0', 'X002HQY06V', 0, 0),
(278, 'Joseph Joseph Nest 8, Food Preparation Set, Blue, 8-Piece', '1032769560', 'B07N2247ML', 'X002HPAQG5', 0, 0),
(279, 'Blistex Lip Medex, 3Count', '1032630774', 'B004AIC5S8', 'X002HGRXUB', 0, 0),
(280, 'ROY TN 101 150 -Royal Industries Number 101-150 Plastic Number Card Set, Plastic, 4\' by 4\', White Base with Black Numbers', '1032364224', 'B001TACN8C', 'X002H0TDM3', 0, 0),
(281, 'Swiffer Sweeper Wet Mopping Pad Refills for Floor Mop with Febreze Lavender Scent, 12 Count (Packaging May Vary)', '1032195070', 'B00171K6AU', 'X002GRQGE5', 0, 0),
(282, 'Palmolive Antibacterial Liquid and Hand Soap 10 Oz Pack of 3', '1032195311', 'B00LZVOD56', 'X002GRV2AN', 0, 0),
(283, 'Blistex Medicated Lip Balm, Lip Medex - for Cold, Sores, Cracked & Dry Lips - 0.25 Oz x 2 Pack', '1032155654', 'B07MXNGSK5', 'X002GP32ZN', 0, 0),
(284, 'Blistex Lip Medex 0.25 oz (Pack of 3)', '1032155669', 'B00H8AC8A0', 'X002GPG8LN', 0, 0),
(285, 'Mogul Egg Shaped USB Table Lamp. Himalayan Pink Salt Lamp with Wooden Base, UL Certified Cord with USB', '1032133468', 'B07J673J1K', 'X002GO3T2P', 0, 0),
(286, 'Fiesta 19-Ounce Medium Bowl, Plum', '1032000677', 'B0000CAQAE', 'X002GH0XEJ', 23, 34),
(287, 'Fiesta 6-1/4-Ounce Fruit Bowl, Plum', '1031815373', 'B0000CEOOG', 'X002G6I9FZ', 0, 0),
(288, 'Mogul Himalayan Pink Salt Angel Lamp', '1029605070', 'B07JG1G5BD', 'X002CAVRJF', 0, 0),
(289, 'Crest Complete Whitening Plus Scope Minty Fresh Toothpaste, Travel Size, TSA Approved, 0.85 Ounce (Pack of 12)', '1031240821', 'B00GFGBAVQ', 'X002F9JNET', 0, 0),
(290, 'Swiffer Wet Refill 12 count (pack of 2)', '1031343671', 'B00GP1V34U', 'X002FFPEGJ', 0, 0),
(291, 'Royal Industries Gravy Boat, Stainless Steel, 16 Oz, Silver', '1031201356', 'B008N3DQP2', 'X002F6H8Z3', 0, 0),
(292, '-Royal Industries Pie Pan, 11\" Inside Diameter, 1 1/4\" Deep, Aluminum, 21 Guage, Commercial Grade', '1031201360', 'B008NAJRGW', 'X002F6LH8R', 0, 0),
(293, 'Mogul Egg Shaped Lamp, 11 inches (L). Himalayan Pink Salt Lamp with Wooden Base, UL Certified Cord', '1031050304', 'B07J53RQVP', 'X002EWDDST', 0, 0),
(294, 'Mogul- Pink Himalayan Salt Crystals with Built-in Grinder', '1031050842', 'B07JCD94YN', 'X002EWFMFV', 0, 0),
(295, 'Mogul Ball Lamp Size 6 Inch. Himalayan Pink Salt Lamp with Wooden Base, UL Certified Cord, and Light Bulb(15 Watts)', '1031053325', 'B07J451W88', 'X002EWKN6T', 0, 0),
(296, 'Mogul Tower Lamp, 11 inches (L). Himalayan Pink Salt Lamp with Wooden Base, UL Certified Cord, and Light Bulb(15 Watts)', '1031053116', 'B07J2PRWW4', 'X002EWKL1L', 0, 0),
(297, 'Mogul Salt Lamp (4-8lbs), Height, UL Certified. Himalayan Pink Salt Lamp with Wooden Base and Light', '1031052979', 'B07J2MK1H3', 'X002EWRKQ5', 0, 0),
(298, 'Shout Triple-Acting, Laundry Stain Remover, 22 Ounce', '1030908868', 'B000VDX2SS', 'X002EOV6L3', 0, 0),
(299, 'Motrin IB - Ibuprofen Tablets, Two Tablets Per Packet, 50 Packets Total, One Box', '1030915620', 'B005NIIREK', 'X002EOZH1D', 0, 0),
(300, 'Band-aid Flex Fabric Travel Pack - 8 Each/pack (12 Pack)', '1030729448', 'B000UX4LS4', 'X002EFL0L3', 0, 0),
(301, 'Royal Industries Glass Sugar Pourer, 12oz, Clear', '1030722115', 'B073SHMB5R', 'X002EFHLKH', 0, 0),
(302, 'Thank You Card Set 40 Pieces, Thank You Gift Cards in Envelopes with 5 Designs in Vibrant Colors, Bulk Pack Card Notes for Baby Showers, Wedding, Birthdays, Baby Shower', '1030729485', 'B0825FC47F', 'X002EFMZM1', 0, 0),
(303, 'Arm & Hammer Baking Soda, Fridge-N-Freezer Pack, Odor Absorber, 14 oz - 2 Pack', '1030386498', 'B00S056D9E', 'X002DWUB1R', 0, 0),
(304, 'Vaseline Lip Therapy Advanced Formula 0.35 oz ( Pack of 3)', '1030275765', 'B004DLRGMW', 'X002DQXOUX', 0, 0),
(305, 'AXE Deodorant Body Spray Black New Edition 150 ML - Pack of 6', '1030275860', 'B0157EO446', 'X002DQVVOT', 0, 0),
(306, 'Q-Tips Cotton Swabs 170 Count (2 Pack) by Q-Tips', '1030275942', 'B01KYQK9YQ', 'X002DQXWDH', 0, 0),
(307, 'Palmolive Ultra Strength Liquid Dish Soap, Original, 20 fl oz,set of 2', '1030275960', 'B07G7TB7KJ', 'X002DNH4I9', 0, 0),
(308, 'Amscan Pom Yarn Spings Head Bopper, 9\" x 4 1/2\", Orange', '1030110509', 'B01BHFXWZG', 'X002D4MSYD', 0, 0),
(309, 'Amscan 8020.57 Vanilla Cream Value Plastic Cutlery Set, 200ct', '1030110520', 'B00BFX88MI', 'X002D4MT01', 0, 0),
(310, 'amscan Frosty White Luncheon Napkins - 6 1/2\" x 6 1/2\" - 100 Pcs', '1030110522', 'B001BYHF70', 'X002D4M7MB', 0, 0),
(311, '2-Ply New Pink Luncheon Napkins - 6 1/2\" x 6 1/2\" 40 Ct. | Party Tableware', '1030110523', 'B00AEHJHR6', 'X002D4M7NP', 0, 0),
(312, 'Chocolate Brown 2-Ply Luncheon Napkins - 6.5\" x 6.5\" | Pack of 40', '1030110528', 'B0031Q6EC8', 'X002D4MTCT', 0, 0),
(313, 'Leaf Green 2-Ply Luncheon Napkins | Pack of 50 | Party Supply', '1030110535', 'B00AEHJKXM', 'X002D4LEZH', 0, 0),
(314, 'Light Yellow 2-Ply Luncheon Napkins - 6.5\" x 6.5\" | Pack of 40', '1030110543', 'B00HHG9ISK', 'X002D4M8L1', 0, 0),
(315, 'Berry Red 2-Ply Luncheon Napkins - 6.5\" x 6.5\" | Pack of 40', '1030110558', 'B0080JOKO0', 'X002D4M8QV', 0, 0),
(316, '2-Ply Caribbean Blue Luncheon Napkins, 40 Ct., Party Tableware , 6 1/2\" x 6 1/2\"', '1030110559', 'B005CRPNAS', 'X002D4MA7N', 0, 0),
(317, 'Amscan Premium Heavy Weight Plastic Spoons | Party Supply | Pack of 48 | Leaf Green', '1030110562', 'B00AEHCGCY', 'X002D4MA91', 0, 0),
(318, 'Amscan Premium Heavy Weight Disposable-Spoons, Full Size, Berry', '1030110568', 'B008ALW9W8', 'X002D4LFDN', 0, 0),
(319, 'Arm & Hammer Baking Soda - Net Wt 1 lb - (Pack Of 2)', '1015607129', 'B00CVY459K', 'X001L71YBV', 0, 0),
(320, 'Palmolive Ultra Antibacterial Orange Dish Washing Liquid, 10 oz, 2 pack', '1029730430', 'B07GGMR8BJ', 'X002CIDAYH', 0, 0),
(321, 'Royal Industries Pastry Brush, Nylon Bristles with Plastic Handle, 1 1/2\", Commercial Grade', '1029780217', 'B002X3CTYM', 'X002CLCA77', 0, 0),
(322, 'Mogul Pure Himalayan Massage Stones Pure Himalayan Pink Salt (2 Qty)', '1029605047', 'B07J9NVRLM', 'X002CAVWYP', 0, 0),
(323, 'Mogul- Miniature Pyramid Shaped USB Table Lamp. Himalayan Pink Salt Lamp with Wooden Base, UL Certified Cord with USB', '1029605078', 'B07J5MP82T', 'X002CAVJBB', 0, 0),
(324, 'Mogul- Pure Himalayan Salt Lick with Rope for Animals', '1029605085', 'B07J9RD4H3', 'X002CAW59V', 0, 0),
(325, 'Mogul- Miniature Natural Shaped USB Lamp. Himalayan Pink Salt Lamp with Wooden Base, UL Certified Cord with USB', '1029605101', 'B07J5VM942', 'X002CAVZ0B', 0, 0),
(326, 'Northern Lights Candles Whiskey and Tobacco Spirit Candle, 5 oz, Amber', '1029652624', 'B00V366BSA', 'X002CDFZYP', 0, 0),
(327, 'Northern Lights Candles Blacksmith Candle Holder Pillar Base', '1029652715', 'B017WHIPPA', 'X002CDFNKB', 0, 0),
(328, 'Northern Lights Candles Spirit Candles, Dark Rum & Oak', '1029652760', 'B00PVOPKVE', 'X002CDFSO7', 0, 0),
(329, 'Northern Lights Candles Spirit Candles, Green', '1029652789', 'B00PVOPUKA', 'X002CDFWRF', 0, 0),
(330, 'Northern Lights Candles 2 Piece Premium Taper Candle, 12\", Aqua', '1029652807', 'B00PB1P850', 'X002CDFWYN', 0, 0),
(331, 'Smart Home Plug by Hashblue - Compatible With Alexa Google Home and IFTTT - Remotely Control Your Home (4 pieces) - Monitor Your Devices From Smart Life App - Download App on iPhone and Android', '1029451919', 'B07PBNFXGG', 'X002C0SKC7', 0, 0),
(332, 'Homer Laughlin Lapis Bowl, 5.38\" Diameter Fruit', '1029407008', 'B00BZ1ED6U', 'X002BXYX5D', 0, 0),
(333, 'Uline Plastic Truck Seals | Tamper Evident; Each Seal is Numbered Sequentially; Use for Truck, Trailer, Container | Pack of 100 (Red)', '1029294779', 'B07JKPGK8L', 'X002BS577V', 0, 0),
(334, 'Crest 3D White Brilliance Toothpaste, Vibrant Peppermint, Travel Size, 0.85 oz (24g) - Pack of 12', '1029194000', 'B07LB4MQ7H', 'X002BLH4AL', 0, 0),
(335, 'ROY TN 1 50 -Royal Industries Number 1-50 Plastic Number Card Set, Plastic, 4\' by 4\', White Base with Black Numbers', '1029180107', 'B001TA4SYE', 'X002BKT3AL', 0, 0),
(336, 'ROY TN 1 25 -Royal Industries Number 1-25 Plastic Number Card Set, Plastic, 4\' by 4\', White Base with Black Numbers', '1029180115', 'B001TACN8W', 'X002BKRSDZ', 0, 0),
(337, 'Swiffer Sweeper Dry Sweeping Pad Multi Surface Refills for Dusters Floor Mop, Gain, 16 Count (Packaging May Vary)', '1028969455', 'B00I7L6JAY', 'X002B71JSD', 0, 0),
(338, 'Swiffer Sweeper Wet Mopping Pad Refills - Febreze Lavender Vanilla & Comfort - 24 ct - 2 pk', '1028969633', 'B00PL903VG', 'X002B770C7', 0, 0),
(339, 'ROY TN 1 100 -Royal Industries Number 1-100 Plastic Number Card Set, Plastic, 4\' by 4\', White Base with Black Numbers', '1028910674', 'B001TA4SXK', 'X002B50WR9', 0, 0),
(340, 'Trim Nailcare Fingernail Steel Clipper with File, Item Number 12500 (Pack of 6)', '1028905306', 'B001JYS8O6', 'X002B2HCG1', 0, 0),
(341, 'Crayola Classic Color Pack Crayons, 8 Colors/Box', '1028358471', 'B06XDLLW69', 'X0029Z2FIP', 0, 0),
(342, 'Crayola Crayons,8 Count (3 Pack), Pack of 3, 3 Piece', '1028358515', 'B013RTA6YK', 'X0029VU6Q7', 0, 0),
(343, 'Crayola 8ct Washable Markers Fine', '1028359131', 'B00006IFJ3', 'X0029VUB5D', 0, 0),
(344, 'Crayola Ultra-Clean Washable Markers, Color Max, Fine Line Classic Colors 8 Ea (Pack of 2)', '1028359477', 'B005EM7OP8', 'X0029VUF1N', 0, 0),
(345, 'Crayola Broad Line Markers, Classic Colors 10 Each (Pack of 2)', '1028359750', 'B013PKWQTY', 'X0029T8CJ7', 0, 0),
(346, 'Crayola Crayons 24 ct (Pack of 2)', '1028133875', 'B0096XWNNY', 'X0029K1U8V', 0, 0),
(347, 'Crayola Classic Color Pack Crayons, 24 Count, (Pack of 4)', '1028133929', 'B00FX9G28C', 'X0029ENEKJ', 0, 0),
(348, 'Crayola Crayons 24 in A Box (Pack of 6) 144 Crayons in Total', '1028133953', 'B00AY7LQS4', 'X0029CQARF', 0, 0),
(349, 'Crayola 24 Ct Crayons - 3 Boxes', '1028133977', 'B008R4XMRY', 'X0029FL93H', 0, 0),
(350, 'Crayola Broad Point Washable Markers - Pack of 2 (58-7808-2Pack), Blue', '1028134710', 'B00NJGAJNU', 'X0029CQS1N', 0, 0),
(351, 'Vaseline 100% Pure Petroleum Jelly, 13 Ounce [With Bonus 1.75 Ounce] (Pack of 2)', '1028067284', 'B00XGNZRCY', 'X0029BEMUD', 0, 0),
(352, 'Crayola 68-4012 Colored Pencils, 12-Count, pack of 3, Assorted Colors', '1028060629', 'B0033M0LZG', 'X0029BC21J', 0, 0),
(353, 'Vaseline, 100% Pure Petroleum Jelly Baby, Dermatologist Recommended, Hypoallergenic, Skin Protectant, Treat & Prevent Diaper Rash and Chafed Skin, Seals out Wetness, 2 pack -13 oz ea', '1028036793', 'B007YP557W', 'X00298FNP9', 0, 0),
(354, 'Vaseline Baby 100% Pure Petroleum Jelly, 13 Ounce [With Bonus 1.7 Ounce] (Pack of 2)', '1028036820', 'B01E97KN56', 'X0029B3JON', 0, 0),
(355, 'Degree Women Dry Protection Antiperspirant Deodorant, Sheer Lilac, 2.6 Ounce, Pack of 6', '1028016183', 'B00KAR9YZU', 'X00299X3LT', 0, 0),
(356, 'Degree Original Antiperspirant Deodorant 48-Hour Sweat & Odor Protection Shower Clean Antiperspirant for Women 2.6 oz', '1028016239', 'B000YK2O3C', 'X00299X5U3', 0, 0),
(357, 'Royal Industries (ROY PST BR P 200) - 2\" Nylon Bristle Pastry Brush', '1027460710', 'B002X3KOZS', 'X0028A9QJ7', 0, 0),
(358, 'Swiffer Sweeper Wet Mopping Pad Refills for Floor Mop Open Window Fresh Scent 12 Count - 1 Pack', '1026807524', 'B07M9LTZXD', 'X0026O3IWB', 0, 0),
(359, 'Royal IndustriesTable-Crumber with Clip, Black', '1012901747', 'B00K6LFO7C', 'X001EPPWTZ', 0, 0),
(360, 'Glade Carpet & Room Deodorizer - Clean Linen, 32 Ounce (Pack of 2)', '1026552157', 'B00MUEFHGG', 'X00262NPV7', 0, 0),
(361, 'Glade Carpet and Room Refresher, Deodorizer for Home, Pets, and Smoke, Lavender and Peach Blossom, 32 Oz', '1026552187', 'B0088UYCS0', 'X002600BS9', 0, 0),
(362, 'Glade Carpet and Room-Hawaiian Breeze-32 Oz', '1026552264', 'B00KOCKY6O', 'X00261RWL7', 0, 0),
(363, 'Carpet Sweepers Bissell Sweep-up Sweeper Pets Carpet Floors Cordless Perfect for Cat Litter', '1026340002', 'B00SHPMXYG', 'X0024ZTDG7', 0, 0),
(364, 'Palmolive Ultra Soft Touch Dish Liquid, Coconut Butter, 20 Ounce', '1026122970', 'B01N7ST39D', 'X0024GTF87', 0, 0),
(365, 'Grandstream 21XX-STAND GXP21xx Series Phone Stand', '1025272608', 'B07232NWQ5', 'X00234IJOV', 37, 63),
(366, 'Ortega Seasoning Mix, Taco Seasoning, 24 Ounce', '1025838236', 'B0037ZANTI', 'X0023X213H', 0, 0),
(367, 'Glade Carpet and Room Powder, Lavender and Vanilla, 32-Ounce 2-Pack', '1025703135', 'B07BVLQW2L', 'X0023NZCXN', 0, 0),
(368, 'Saboteur 2 Card Game', '1025699619', 'B013FAC4VO', 'X0023QGOW3', 0, 0),
(369, 'Ziploc 71135 Sandwich Bags, Pack of 150, 6.5 x 5.875-Inch (16.5 cm x 14.9 cm)', '1025410464', 'B014G0APV8', 'X00239EJLX', 0, 0),
(370, 'Degree Original Antiperspirant Deodorant 48-Hour Sweat & Odor Protection Sheer Powder Antiperspirant for Women 2.6 oz, Pack of 6', '1025410960', 'B001FB5TOA', 'X0023ABW49', 0, 0),
(371, 'Grandstream 16XX-STAND GXP16xx Series Phone Stand', '1025272643', 'B071S5RYGM', 'X00234IX01', 0, 0),
(372, 'Vaseline Pure Petroleum Jelly, Original 16.23 Oz (2 Pack)', '1024978072', 'B07MNHYZ44', 'X0022J4EVJ', 0, 0),
(373, 'Vaseline Lip Therapy 0.25 Oz / 7g 3 Pack Bundle - Original, Rosy Lips & Cocoa Butter', '1024289120', 'B07K7VKBX5', 'X0020VKMGZ', 0, 0),
(374, 'Pfaltzgraff Stoneware and Porcelain Cleaner 18 oz.', '1024217255', 'B000I5CAGY', 'X0020RFPYD', 0, 0),
(375, 'AMIGO Games AMI18002 CLACK! Kids Magnetic Stacking Game with 36 Magnets, Multicolor', '1023436946', 'B07CN54C42', 'X001YR3VUP', 0, 0),
(376, 'AMIGO Saboteur Strategy Card Game', '1023138574', 'B013FAC1JO', 'X001YC58I3', 0, 0),
(377, 'Construction Paper Pack [Set of 3]', '1021894105', 'B00T1P2IQ4', 'X001W5VAS9', 10, 10),
(378, 'Crayola Construction Paper, 240 Count, Multicolor, Model:99-3200', '1021795002', 'B00125Q27M', 'X001W0DSEX', 0, 0),
(379, 'Crayola Construction Paper, 240 Count, 2-Pack (total 480 count)', '1021794732', 'B00MJ8JSFE', 'X001W0I1I1', 0, 0),
(380, 'Head & Shoulders Classic Clean 2-in-1 Dandruff Shampoo & Conditioner, 13.5 Ounce (Pack of 3)', '1021769065', 'B00LKQ6ORG', 'X001VOFYXX', 0, 0),
(381, 'amscan Water Splash Balls - Mega Value Pack Favors, 24 Pcs', '1021653667', 'B01FOIRMNU', 'X001VNCIIN', 0, 0),
(382, 'Crazy Deals Super Stretch Rubber Bands, 500 Each, Black, Small', '1021607475', 'B01N4ENZKU', 'X001VX73RJ', 0, 0),
(383, 'Degree Antiperspirant Deodorant 24 Hour Dry Protection Shower Clean Deodorant for Women 2.6 oz, Twink Pack', '1021607163', 'B00289FM4K', 'X001VP2OL7', 0, 0),
(384, 'Crayola Ultraclean Fineline Classic Markers, 10 Count, 3-Pack', '1021148267', 'B00OQSFGMY', 'X001UR7FWT', 0, 0),
(385, 'Trim BeautyCare Slant Tip Tweezers (3 Pack)', '1019450735', 'B071W242QJ', 'X001RK56HP', 0, 0),
(386, 'Degree Original Antiperspirant Deodorant 48-Hour Sweat & Odor Protection Shower Clean Antiperspirant for Women 2.6 oz, Pack of 6', '1018881564', 'B001ET76WG', 'X001QIDE5T', 0, 0),
(387, 'Degree Women Antiperspirant Deodorant Stick, Shower Clean, 2.6 Ounce (Pack of 1)', '1018881525', 'B004DN7VPW', 'X001QICS5L', 0, 0),
(388, 'Head & Shoulders Smooth and Silky Anti-dandruff Shampoo, 13.5 Ounce', '1018881374', 'B01N12L7YG', 'X001QID0U3', 0, 0);
INSERT INTO `import_result` (`id`, `title`, `msku`, `asin`, `fnsku`, `pcs`, `qty`) VALUES
(389, 'Febreze Unstopables Spring Wax Melts (8 Melts, 3 Oz)', '1018155750', 'B01MXKZJOZ', 'X001P44NCH', 0, 0),
(390, 'Vaseline Lip Therapy 0.25 Oz 3 Pack Bundle - Creme Brulee, Rosy Lips & Cocoa Butter', '1016838163', 'B00WJE44DO', 'X001N0CC4T', 0, 0),
(391, 'Vaseline Lip Therapy, Creme Brulee 0.25 Oz (3 Pack)', '1016838019', 'B014V82EF0', 'X001N0HVTF', 0, 0),
(392, 'Oktoberfest Mylar Balloon Set (Set of 3) beer mug, Oktoberfest sigil and a pretzel design', '1015878859', 'B01KNFFW7W', 'X001LLOYA5', 0, 0),
(393, 'OKTOBERFEST LATEX BALLOONS - Party Decor - 12 Pieces', '1015878815', 'B0143QD68Y', 'X001LLQQS3', 0, 0),
(394, 'OKTOBERFEST WALL PENNANTS (2PC) - Party Decor - 2 Pieces', '1015878848', 'B01JX1BQZ4', 'X001LLQRWN', 0, 0),
(395, 'Palmolive Ultra Strength Dish Soap - 10 oz (Pack of 3)', '1015607154', 'B01AKMDVFS', 'X001L71YYX', 0, 0),
(396, 'Palmolive Ultra Strength Dish Soap-10 oz (Pack of 2)', '1015607144', 'B00XV1F820', 'X001L79MP1', 0, 0),
(397, 'Excellante Ice Scoop, Polycarbonate, 12 oz, Clear', '1015457194', 'B00O8N5TK6', 'X001KWI8DT', 0, 0),
(398, 'Windex Blue, 46 Fl Oz (23 Oz, (Pack of 2)', '1015194730', 'B01KGS0C6W', 'X001KG4UDH', 0, 0),
(399, 'Crayola Ultraclean Broadline Classic Washable Markers (2-Pack)', '1014930721', 'B00LUZVV5W', 'X001JYZZY3', 0, 0),
(400, 'Crayola Ultra-Clean Washable Markers, Fine Line Multicolor, 10 Count', '1014565478', 'B00IYDM83M', 'X001J4Z0Y3', 0, 0),
(401, 'Palmolive Ultra Dish Liquid, Soft Touch Almond Milk and Blueberry, 25 Fl Oz', '1014225040', 'B00T4JQYRQ', 'X001H9GX23', 0, 0),
(402, 'Head & Shoulders (Peppermint) dandruff shampoo + conditioner, 1.7 Fl. Oz. (Travel Size) (3 Bottles)', '1014212089', 'B071RXF9NM', 'X001H8KZI7', 0, 0),
(403, 'Head & Shoulders Classic Clean Dandruff Shampoo 13.5 Oz (Pack of 2)', '1014212078', 'B016WWLVMK', 'X001H8LM2Z', 0, 0),
(404, 'Head & Shoulders Classic Clean Daily-Use Anti-Dandruff Shampoo, 13.5 Fl Oz, Pack of 2', '1014183311', 'B004CQ5MVU', 'X001H6NBKD', 0, 0),
(405, 'Crayola Crayons, School & Art Supplies, Bulk 6 Pack of 24Count, Assorted', '1014183275', 'B00LK0NFMY', 'X001H6V8AN', 0, 0),
(406, 'Vaseline Lip Therapy Cocoa Butter.25 oz (Pack of 4)', '1014049713', 'B00H8BNEFW', 'X001GYPAUP', 0, 0),
(407, 'Dawn Dish Soap, Ultra Dishwashing Liquid, Original, 14.6 Ounce, (Pack of 3)', '1013985483', 'B01NCSL1HK', 'X001GSXCBF', 0, 0),
(408, 'Crayola Ultra-Clean Washable Markers, Color Max, Fine Line Classic Colors 8 Ea (Pack of 3)', '1013554976', 'B00MEM1IBW', 'X001G008I3', 0, 0),
(409, 'Head and Shoulders Classic Clean 2-in-1 Anti-Dandruff Shampoo + Conditioner 2', '1013050873', 'B001F51RL0', 'X001EXYPFT', 0, 0),
(410, 'Yankee Candle Apple Pumpkin Scented, Classic 22oz Large Jar Single Wick Candle, Over 110 Hours of Burn Time', '1012922481', 'B008P8YTU6', 'X001EQ6ONR', 0, 0),
(411, 'Arm & Hammer Pure Baking Soda, 8oz, Pack of 2', '1012789536', 'B00K1JFAVE', 'X001EHAUVD', 0, 0),
(412, 'Hefty Slider 2.5 Gallon Jumbo Storage Bags, 12 Count Boxes (Pack of 4)', '1012575178', 'B00J2F3Z06', 'X001E2HKS9', 0, 0),
(413, 'Dettol Anti Bacterial pH-Balanced Body Wash, Fresh, 21.1 Ounce/625 Ml (Pack of 2)', '1012410402', 'B0186GTDPW', 'X001DLRKT5', 0, 0),
(414, 'Dettol Anti Bacterial pH-Balanced Body Wash, Original, 21.1 Oz/625 Ml (Pack of 2)', '1012410378', 'B00YNH6WLM', 'X001DL7R9D', 0, 0),
(415, 'Dettol Anti Bacterial pH-Balanced Body Wash, Sensitive, 21.1 Oz / 625 Ml (Pack of 2)', '1012410321', 'B00YNJVJZ4', 'X001DQCZ9P', 0, 0),
(416, 'Palmolive Ultra Dish Liquid, Lotus Blossom & Lavender, 25 Ounce', '1012410998', 'B00D5YSBM2', 'X001DL6BHH', 0, 0),
(417, 'Head & Shoulders Classic Clean Dandruff Shampoo 13.5 Oz', '1012410150', 'B000Q65XVY', 'X001DLWJ5P', 0, 0),
(418, 'Arm & Hammer Baking Soda, Fridge-N-Freezer Pack, Odor Absorber, 14oz (Pack of 3)', '1012409999', 'B01NBNCEZL', 'X001DLU2S1', 0, 0),
(419, 'Vaseline Lip Therapy Rosy Lips, 0.25 oz, 4 pk', '1012023564', 'B00MUE9CVC', 'X001CZK5SZ', 0, 0),
(420, 'Arm & Hammer Pure Baking Soda, 8 Ounce (Pack of 3)', '1012023416', 'B00K1JFC0S', 'X001D2QCZ7', 0, 0),
(421, 'Vaseline Lip Therapy Rosy Lips 0.25 Oz./7 Grams, Pack of 2', '1011505805', 'B00GI299M4', 'X001CCAFEH', 0, 0),
(422, 'CORNINGWARE StoveTop 2L to 3L Square Glass Cover', '1010372428', 'B0088HOWH4', 'X001AH9GSZ', 0, 0),
(423, 'IKEA - GODIS Glass, clear glass 14oz 6 pack', '1010262375', 'B071DPVX85', 'X001AE2C4X', 0, 0),
(424, 'Hefty Jumbo Slider Bags 15 ct', '1010154440', 'B00LSXZM38', 'X001A4W65X', 0, 0),
(425, 'Bakelicious Swirl Plastic Measuring Cup, 1, Pink', '1010108504', 'B00UBMFNKY', 'X001A17N3B', 0, 0),
(426, 'Magazine file Pack of 8 White', '1009939128', 'B01E2QX4SC', 'X0019YWD11', 0, 0),
(427, 'Pack of 250 Paper Table Reserved Sign', '1008753755', 'B00NT1SWJ8', 'X0017V8R3T', 0, 0),
(428, 'Lodge Heat Treated Miniature Skillet, Cast Iron, 5\", Black', '1008251321', 'B00LJSETWM', 'X00174FRTD', 12, 47),
(429, 'Crayola Crayons 24 Colors, (Pack of 6), Multicolor', '1007709093', 'B011CY8HPC', 'X0016ANHQD', 12, 23),
(430, 'Splash Balls | Party Favor | 24 Ct.', '1007569772', 'B00A2UV4PI', 'X00160IOO3', 0, 0),
(431, 'Bic Wite-Out Quick Dry Correction Fluid - 2 pack - white color writeout - white-out', '1007410873', 'B0041IJ4NG', 'X0015SDOIR', 0, 12),
(865, 'Elmers Disappearing Purple School Glue Sticks, 0.21 oz Each, 8 Sticks per Pack (E1591)', '1007587120', 'B00ATJLLC8', 'X00161A6PH', 0, 0),
(866, 'Formula 409 All Purpose Cleaner Spray Bottle, 32 Fluid Ounces, Pack of 3', '1053699514', 'B00L3DUKLM', 'X003GHKRDF', 0, 0),
(867, 'Vaseline Intensive Care Body Lotion, Essential Healing Dry Skin Repair, Pack of 6, (13.53 Oz / 400ml Each)', '1053792978', 'B07CGVDQ3G', 'X003GWP4R9', 0, 0),
(868, 'Palmolive Ultra Soft Touch Liquid Dish Soap | Soft Touch on Hands | Tough-on-Grease | Concentrated Formula | Coconut Butter & Orchid Scent - 20 Ounce Bottle (Pack of 3)', '1053828700', 'B0829MFVC6', 'X003H1UWCB', 0, 0),
(869, 'AEW Unmatched Unrivaled Luminaries Collection Wrestling Action Figure (Choose Wrestler) (Eddie Kingston)', '1053711596', 'B0B8W8R691', 'X003GJ0GGL', 0, 0),
(870, 'Ban Simply Clean 24-hour Invisible Antiperspirant, Roll-on Deodorant for Women and Men, Underarm Wetness Protection, with Odor-fighting Ingredients, 3.5 Fl Oz (Pack of 4)', '1053711599', 'B08DGMKM27', 'X003GJRLGT', 0, 0),
(871, 'Neutrogena Moisturesmooth Color Stick, Sweet Watermelon, 0.011 Ounce', '1053711600', 'B00AFX1TH0', 'X003GJ0GGV', 0, 0),
(872, 'Pellon Wrap-N-Zap Cotton Quilt Batting, 45 by 36-Inch, Natural 2-Pack', '1053711603', 'B01N4B9B6I', 'X003GJRLH3', 0, 0),
(873, 'Ceramic Owl Cookie Jar - Rustic Decor with Vintage-Antique Look Food Container - Kitchen Organization and Storage - Metallic Gold - 104 oz', '1053711604', 'B076PZLWW4', 'X003GJ0GH5', 0, 0),
(874, 'Mojo H2O Natural Water Enhancer Drops, with B Vitamins and Electrolytes, Energy Support, Sugar-Free, Zero Calories, No Artificial Sweeteners, Naturally Flavored and Sweetened (Strawberry Watermelon, 4 pk)', '1053711605', 'B08T6G816J', 'X003GJRZM9', 0, 0),
(875, 'Repel 94100 Sportsmen 30-Percent Deet Mosquito Repellent Wipes, 2 Packs of 20 Count - 40 Total!', '1053711606', 'B01H9JQJCC', 'X003GJ9S47', 0, 0),
(876, 'Ty Beanies Nori The Narwhal 6 Inch Beanie Boo | Rainbow Narwhal Beanie Boo, Ty Rainbow Beanie Boo, Ty Beanie Boo, Ty Nori, TY Nori the Narwhal', '1053713152', 'B09581X1FK', 'X003GJFC15', 0, 0),
(877, 'Spin Master 6061735 Paw Patrol Rescue Boats - Marshall', '1053713251', 'B09R81R8KT', 'X003GJJVBR', 0, 0),
(878, 'Goodfellow and Co 5-Blade Replacement Cartridges w/Trimmer Blade (4 Pack)', '1053713364', 'B0842F6K7G', 'X003GJBKED', 0, 0),
(879, 'Nanoleaf Shapes Flexible Linkers (for Corners and Edges)', '1053713986', 'B08HS126LV', 'X003GIK7A7', 0, 0),
(880, 'Stanley Quencher H2.0 FlowState Tumbler 40oz (Cream)', '1053714288', 'B0BD76BTSN', 'X003GJVSS1', 0, 0),
(881, 'Marvel Avengers Titan Hero Series Thor Toy, 12-Inch-Scale Thor: Love and Thunder Action Figure with Accessory, Toys for Kids Ages 4 and Up', '1053731410', 'B09H17V571', 'X003GM2IG9', 0, 0),
(882, 'Kaweco Fountain Pen Ink Cartridge - Black - Pack of 6', '1053731522', 'B07VF9RLG2', 'X003GMA46F', 0, 0),
(883, 'ULTA Beauty Ultra Slim Brow Pencil (Medium Brown)', '1053731652', 'B07Z7CDPV3', 'X003GMFK9V', 0, 0),
(884, 'Burts Bees Blush Bay All Aglow Lip & Cheek Stick, 0.32 OZ', '1053731723', 'B07G1Z9Y9S', 'X003GLY3HH', 0, 0),
(885, 'Yankee Candle Sugared Cinnamon Apple Car Jar Ultimate, Fruit Scent', '1053731798', 'B07F1FLLC1', 'X003GMA839', 0, 0),
(886, 'Yankee Candle Sun and Sand Scentplug Refill 2-Pack', '1053731916', 'B07FSX2WFT', 'X003GM5EVZ', 0, 0),
(887, 'Yankee Candle Lemon Lavender ScentPlug Refill 4-Pack', '1053731949', 'B07BF51L9T', 'X003GM5FBT', 0, 0),
(888, 'Katy Perry Meow Edp Spray 3.4 Oz', '1053731991', 'B008BHRTHG', 'X003GM2NAF', 0, 0),
(889, 'Physicians Formula 24-Karat Gold Collagen Moisturizer', '1053732074', 'B07Y2B74BK', 'X003GLY6WT', 0, 0),
(890, 'Purina DentaLife Dental Care Small/Medium Dog Chews, ActivFresh Daily Oral Care - (6) 9 ct. Pouches', '1053732201', 'B07KYMQCZS', 'X003GMGGYT', 0, 0),
(891, 'Balmex Complete Protection Baby Diaper Rash Cream with Zinc Oxide + Soothing Botanicals, 4 Oz, Pack of 3', '1053660255', 'B074TTTS1K', 'X003GC2V0R', 0, 0),
(892, 'Tonka Mighty Force Lights & Sounds - Garbage Truck', '1053536995', 'B07ZPL3M12', 'X003FVK0ED', 0, 0),
(893, 'Preparation H Maximum Strength Hemmorhoidal Cream-1.8 oz', '1053537141', 'B001V9OKIC', 'X003FVIA6N', 0, 0),
(894, 'Basic Fun 22409 Care Bears Superstar Bear, 35cm Collectable Cute Plush Toy, Soft Toys & Cuddly Toys for Children, Cute Teddies Suitable for Girls and Boys Aged 4 Years +', '1053537167', 'B0B2RLT5TY', 'X003FVK6BF', 0, 0),
(895, 'Metamucil Fiber Supplement Gummies, Sugar Free Orange Flavor, 5g Prebiotic Plant Based Fiber Blend, 72 Count', '1053537197', 'B09NF6J96N', 'X003FVFLHT', 0, 0),
(896, 'Vaseline Lip Therapy Advanced Petroleum Jelly, 3 Count', '1053480476', 'B01AUJ11N0', 'X003FS3CBJ', 0, 0),
(897, 'Gummy Candy (Berries) - 5 Ounce (Pack of 3)', '1053526049', 'B00G3W2JW6', 'X003FUWRBD', 0, 0),
(898, 'Palmolive Ultra Dish Liquid Lavender & Lime 591Ml (Pack of 3)', '1053292949', 'B07K6V6YR4', 'X003FG6Z0V', 0, 0),
(899, 'KOHLER Cast Iron Sink Cleaner 8 OZ.', '1053285545', 'B00I3C5ETY', 'X003FFVAQB', 0, 0),
(900, 'Tomcat Repellents Rodent Repellent Ready-to-Use, 24 oz.', '1053285558', 'B012REUTQ6', 'X003FFW5C9', 0, 0),
(901, 'Yankee Candle Home Sweet Home Scented, Classic 14.5oz Medium Jar Single Wick Candle, Over 65 Hours of Burn Time', '1053285598', 'B000ORX7E0', 'X003FFRTYX', 0, 0),
(902, 'Spiced Pumpkin', '1053285604', 'B000JJWM7Q', 'X003FFVHJV', 0, 0),
(903, 'Dr. Scholls Foot Powder 7 Ounce Original (207ml) (2 Pack)', '1053285615', 'B000TAAAH4', 'X003FFVIYF', 0, 0),
(904, 'Neutrogena Healthy Skin Brightening Eye Perfector & Under Eye Concealer, Dark Circle Treatment Concealer Makeup with Soy & Vitamin E Antioxidant, Broad Spectrum SPF 25, Light 10.17 oz', '1053285654', 'B00JZ05FZG', 'X003FFOZ8B', 0, 0),
(905, 'Handi Wipes Reusable Cloths, Extra Large 6 cloths', '1053113229', 'B0009P67SA', 'X003F3MFIZ', 0, 0),
(906, 'Fast Acting Gel Cream Hair Remover Veet Hair Remover Women 6.78 oz (Pack of 3)', '1053170554', 'B075FYRSR2', 'X003F7YTUN', 0, 0),
(907, 'Veet Hair Removal Gel Cream Sensitive Skin Formula - 6.76 fl oz', '1053170568', 'B00CCYRWOO', 'X003F7XJ8B', 0, 0),
(908, 'Pledge Lemon Enhancing Polish', '1053170670', 'B07BSFZHZY', 'X003F88DR7', 0, 0),
(909, 'X-14 Professional Instant Mildew Stain Remover, [Non-Aerosol Trigger], 32 OZ', '1053170785', 'B0009R5A68', 'X003F80WI5', 0, 0),
(910, 'Rit Dye Liquid â€“ Wide Selection of Colors â€“ 8 Oz. (Tangerine)', '1053170844', 'B089HZ2MHV', 'X003F7Z2VX', 0, 0),
(911, 'Rit Dye Liquid â€“ Wide Selection of Colors â€“ 8 Oz. (Navy Blue)', '1053170860', 'B089J1JY1H', 'X003F7Z3AX', 0, 0),
(912, 'IMUSA USA 1.5 Quart Aluminum Grease Dispenser, Silver', '1053053016', 'B0018EA048', 'X003F06QZV', 0, 0),
(913, 'The Pampered Chef Measure All Cup #2225 (Original Version)', '1053053023', 'B000MU1ZIO', 'X003F06PPR', 0, 0),
(914, 'Walkers Shortbread Union Jack Cookie Tin 4.2 ounce each, Traditional Butter Shortbread Cookies from the Scottish Highlands, Quality Ingredients, No Artificial Flavors', '1053061259', 'B01HCR281W', 'X003F12SWP', 0, 0),
(915, 'Geeki Tikis Star Wars Master Yoda Mug | Official Star Wars Collectible Tiki Style Ceramic Cup | Holds 12 Ounces', '1053140250', 'B082K777L6', 'X003F5D63V', 0, 0),
(916, 'Avengers Marvel Bend and Flex Action Figure Toy, 6-Inch Flexible Black Panther Figure, Includes Blast Accessory, for Kids Ages 4 and Up', '1053167695', 'B07YFCFS4X', 'X003F7G4IX', 0, 0),
(917, 'Palmolive Ultra Strength Dishwashing Liquid, Original Scent, 20 Fl Oz (Pack of 3)', '1052919912', 'B004YDGA2Q', 'X003EQFHP1', 0, 0),
(918, 'Pyrex Get Dinner Away Large Handle 8\" x 8\" Square Dish. Making it Easy to Monitor Casserole Cooking and Brownie Baking from a, 4, Red 8\"', '1053073096', 'B01E4BZ12W', 'X003F1INGF', 0, 0),
(919, 'FiGPiN Classic: Clone Wars - Anakin Skywalker', '1052736165', 'B08HRCH9ZB', 'X003EBINED', 0, 0),
(920, 'MAC Powder Kiss Lipstick # Burning Love', '1052894514', 'B07JFBZR8M', 'X003EOWMZ1', 0, 0),
(921, 'Arm & Hammerâ„¢ Sport Gear & Shoe Refresher Spray, Heavy Duty Odor Defense for All Types of Sports Gear and Footwear (6.7 oz)', '1053100863', 'B09SGMWM78', 'X003F2UT6B', 0, 0),
(922, 'Davis Instruments - 790 FSR Fiberglass Stain Remover (16-Ounce)', '1052893842', 'B001446K4G', 'X003EOV4J1', 0, 0),
(923, 'Fresh Step Drawstring Large Litter Box Liners | Heavy Duty Liners for Cat Litter Box | Scented & Unscented Available | Quick & Easy Cleanup, Unscented, Jumbo - 3 Pack', '1052894824', 'B07VB5CX7B', 'X003EOMHGP', 0, 0),
(924, 'Crayola Classic Color Pack Crayons 16 ea ( Pack of 2)', '1052896670', 'B00ECIFYT8', 'X003EOXG7T', 0, 0),
(925, 'Swiffer® Sweeper Wet Mopping Pad Multi-Surface Refills For Floor Mop, Gain Scent, Pack Of 24 Refills', '1052742171', 'B01ES6C8GA', 'X003EBVUJ3', 0, 0),
(926, 'Sikaflex-291 LOT, Black, Marine Adhesive and sealant, General All-Purpose PU Adhesive with Long Open time, 10.1 fl. oz', '1052768398', 'B00C50GIQI', 'X003EDT52F', 0, 0),
(927, 'Ecological Labs AEL20037 Microbe Lift Mosquito Control Aquarium Treatment, 6-Ounce', '1052873232', 'B0006JLMQG', 'X003ENEK07', 0, 0),
(928, 'Dawn Non Concentrated Original Dishwashing Liquid, 12.6 Fluid Ounce 3 per Order', '1052612473', 'B086SJVTKN', 'X003E3Z8RB', 0, 0),
(929, 'Revlon ColorStay Overtime Liquid Lip Color, Stay Currant [280] 1 ea (Pack of 2)', '1051884470', 'B01IAEAY8U', 'X003COIHL1', 0, 0),
(930, 'CoverGirl Smoothers Concealer, Light 710, 0.14-Ounce Packages (Pack of 2)', '1051884955', 'B0018QE6A0', 'X003COK241', 0, 0),
(931, 'MAC Dazzleglass - Sugarrimmed 1.92G', '1051936344', 'B006EJX3MI', 'X003CQSE4J', 0, 0),
(932, 'Mac Retro Matte Liquid Lipcolour~~ FEELS SO GRAND', '1051936537', 'B01AS1M8A0', 'X003CQVARH', 0, 0),
(933, 'MAC Powerpoint Eye Pencil, Stubborn Brown, 0.05 Ounce', '1051936670', 'B001JB73CW', 'X003CQSIQD', 0, 0),
(934, 'Crayola Color Changing Pens, Bullet Journal Supplies, 8 Colors, 4Count, Multicolor', '1052582409', 'B07SWPH2DT', 'X003E2BO6L', 0, 0),
(935, 'Crayola Washable Finger Paint, Violet, 16 Ounce, School Painting Supplies, Gifts for Kids, 3, 4, 5, 6', '1052582481', 'B0017DFI4W', 'X003E2I8ZL', 0, 0),
(936, 'Crayons Jumbo 8ct Peggable Tuck Box [Set of 2]', '1052592875', 'B00CCSXFV4', 'X003E351PZ', 0, 0),
(937, 'Crayola Jumbo Crayons 8ct Pack of 4 â€¦', '1052592959', 'B07DJMHYHL', 'X003E352QN', 0, 0),
(938, 'Casabella Plastic Multipurpose Cleaning Storage Caddy with Handle, 1.5-Gallon, Clear, 1.5 Gallon', '1052349193', 'B00167V9II', 'X003DP35WZ', 0, 0),
(939, 'Diapers Size 2, 84 Count - Pampers Swaddlers Disposable Baby Diapers, Super Pack (Packaging May Vary)', '1052331852', 'B07CTRT9DQ', 'X003DNOI23', 0, 0),
(940, 'Vaseline Intensive Care Lotion Advanced Repair 20.3 Ounce Light Scent (600ml) (2 Pack)', '1052106479', 'B00IVNBM6O', 'X003D5U7NF', 0, 0),
(941, 'MagLite - S3D986 Maglite Heavy-Duty Incandescent 3-Cell D Flashlight, Purple', '1052131539', 'B00004SZ5Y', 'X003D874BP', 0, 0),
(942, 'Sikaflex-291, White, General All-Purpose Fast Cure Marine Adhesive and sealant. Polyurethane sealant for Boats, 10.1 fl. oz Cartridge', '1051724010', 'B01GPIXX5Y', 'X003CFEUGL', 0, 0),
(943, 'Scotty #440-BK-1 Low Profile Track (1-INCH)', '1051724268', 'B01MYDW6CP', 'X003CFBXS9', 0, 0),
(944, 'Washable Broad Point Markers (8/Pack) [Set of 2]', '1052038115', 'B019TCEC4O', 'X003CX9MY3', 0, 0),
(945, 'Crayola Ultra-Clean Washable Markers, Broad Line, 8 Count', '1052038188', 'B005NF3R7U', 'X003CXHPOR', 0, 0),
(946, 'Rice a Roni Cups, Individual Cup 2.25 Ounce(12 Pack)', '1051713712', 'B00L5FY0HS', 'X003CEXY7X', 0, 0),
(947, 'Rave Hs 4x Mega Unscnted Size 11z (PACK OF 2)', '1051884295', 'B01IADZI7S', 'X003CO9ZI5', 0, 0),
(948, 'Right Guard Sport Deodorant, Aerosol, Original 8.5 oz (Pack of 3)', '1051884327', 'B00E4MKSK2', 'X003COA0A7', 0, 0),
(949, 'Right Guard Sport Deodorant, Aerosol, Original 8.5 oz (Pack of 2)', '1051884349', 'B01IADXCVM', 'X003COIDQZ', 0, 0),
(950, 'Barbasol Shave Cream 7 Ounce (Pacific Rush, Pack of 3)', '1051884702', 'B07PN6C5XC', 'X003COIQAD', 0, 0),
(951, 'Finish - All in 1 - 26ct - Dishwasher Detergent - Powerball - Dishwashing Tablets - Dish Tabs - Deep Clean - Fresh Scent', '1051884968', 'B0857XNMWZ', 'X003COK2M3', 0, 0),
(952, 'Crayola Washable Watercolor Paints, 8 Primary Colors (Pack of 4)', '1051885179', 'B011SEQOB0', 'X003COIMAR', 0, 0),
(953, 'Crayola 8 Oval Pan Watercolors (2 Packs)â€¦', '1051885194', 'B01N35CBCQ', 'X003CO359F', 0, 0),
(954, 'Crayola Educational Water Colors Oval Pans', '1051885212', 'B00006RVTK', 'X003CO35H7', 0, 0),
(955, 'Crayola 68-4412 12 Piece Erasable Colored Pencils - 2 Pack', '1051896465', 'B00T1P4EWA', 'X003CP1BZJ', 0, 0),
(956, 'GLADE Aerosol Air Freshener, Crisp Waters 8 oz (Pack of 3)', '1051712335', 'B00NL86W1Y', 'X003CEQZVF', 0, 0),
(957, 'ARM & HAMMER Simply Saline Nighttime Nasal Mist 4.6oz- Instant Relief for SEVERE Congestion- One 4.6oz Bottle', '1051712370', 'B0073RSFEQ', 'X003CEXFZT', 0, 0),
(958, '(6Pack) [GOT 2B] GLUED BLASTING FREEZE SPRAY SCREAMING HOLD FOR HAIR 12OZ', '1051712405', 'B07ZXHW6QF', 'X003CEXVLR', 0, 0),
(959, 'FIFA 22 - PlayStation 4', '1051532069', 'B09MMQFJ7L', 'X003C3UD37', 0, 0),
(960, 'Funko Pop! Mortal Kombat X Mileena Insider Club Exclusive Figure 642', '1051532098', 'B091FPWK15', 'X003C3K92H', 0, 0),
(961, 'Mass Effect Legendary Edition - Xbox One', '1051532481', 'B08MXVNZWP', 'X003C3QAS9', 0, 0),
(962, 'Ceramic Oil or Vinegar Bottle Dispenser', '1051532602', 'B0763DBPMM', 'X003C3OU0T', 0, 0),
(963, 'Lucky Leaf Pie Filling & Topping 21oz Can (Pack of 4) (Pineapple)', '1051532675', 'B00EOE0XBY', 'X003C3MH2R', 0, 0),
(964, 'Lined Spiral Notes Journal Lined 7\" x 9\" Hardcover / 160 sheets (NAVY)', '1051532819', 'B07WZLMSQ3', 'X003C3MMFT', 0, 0),
(965, 'Vaseline Lip Therapy Lip Balm, Creme Brulee 0.25 oz (Pack of 7)', '1051553055', 'B01IAF09GG', 'X003C4Z8KJ', 0, 0),
(966, 'Amscan Big Party Pack 100 Count Plastic Lunch Plates, 10.5-Inch, Black', '1051454768', 'B074SLTVPB', 'X003BY79U7', 0, 0),
(967, 'amscan 630732.4 Plastic Lunch Plates, 50 pieces, Apple Red', '1051454847', 'B001QFBPXE', 'X003BXWKA7', 0, 0),
(968, 'Disney Mirabel Singing Doll â€“ Encanto', '1051120480', 'B09J1SZH9P', 'X003BBJRQT', 0, 0),
(969, 'LocknLock Easy Essentials Food Storage lids/Airtight containers, BPA Free, Rectangle-186 oz-for Flour & Sugar, Clear', '1051054015', 'B0000AN4CV', 'X003B8CITP', 0, 0),
(970, 'MagLite - S3D026 Maglite Heavy-Duty Incandescent 3-Cell D Flashlight, Camo', '1051054382', 'B0001WP5SO', 'X003B8CJGR', 0, 0),
(971, 'Good Behavior Sentry Calming Ointment Dog 1.5 oz. (Sentry Calming Ointment D)', '1051054681', 'B01N6ENI2D', 'X003B85HGL', 0, 0),
(972, 'Glade PlugIns Refills Air Freshener, Scented & Essential Oils for Home and Bathroom, Fall Night Long, 0.67 Fl Oz, Pack of 5', '1051147403', 'B08L8HLLNP', 'X003BD1UHV', 0, 0),
(973, 'Marvel Hasbro Legends Series 6-inch Scale Action Figure Toy Iron Man Mark 3 Infinity Saga Character, Premium Design, Figure and 5 Accessories', '1051156706', 'B08TPF32JW', 'X003BDTLCR', 0, 0),
(974, 'Tuscany 14 oz. Vanilla Sea Salt Soy Blend Jar Candle One Size (69646)', '1051189996', 'B08SJBGRJK', 'X003BFHOGF', 0, 0),
(975, 'Marvel Hasbro Legends Series 3.75-inch Retro 375 Collection Symbiote Spider-Man Action Figure Toy', '1051195646', 'B08TP4Q8HB', 'X003BFOHZB', 0, 0),
(976, 'Melnor 65003-AMZ MiniMax Turbo Oscillating Sprinkler with QuickConnect Product Adapter Watering Set, On Base, Black, Yellow', '1051361966', 'B07PBKVNWQ', 'X003BQSRAV', 0, 0),
(977, 'Red Heart Bulk Buy Super Saver Yarn (3-Pack) (Latte Stripe)', '1051362260', 'B08G6J2PY5', 'X003BQOABB', 0, 0),
(978, 'Nivea Creme Tin - 400ml (13.5oz) Pack of 1', '1051215625', 'B00S31M3T4', 'X003BGZYA7', 0, 0),
(979, 'Swiffer Sweeper Wet Mopping Pad Multi Surface Refills for Floor Mop, Lavender & Vanilla', '1050899930', 'B0035G077M', 'X003AYX0P1', 0, 0),
(980, '12 Ounce Bar Ice Scoop, Dry Bin Scoop, Dry Goods Scoop, Candy Scoop, Spice Scoop, Aluminum by Royal Industries, , Commercial Grade', '1050941653', 'B008NAXM22', 'X003B25WOJ', 0, 0),
(981, 'Royal Industries Pastry Brush, Nylon Bristles with Plastic Handle, 3\", Commercial Grade', '1050941786', 'B002X3PSEU', 'X003B23S13', 0, 0),
(982, 'Crayola 8ct Broad Markers Bold', '1050616936', 'B002VLG42Y', 'X003AIV10N', 0, 0),
(983, 'DMC Thread 6-Strand Embroidery Cotton 8.7 Yards Light Peach 117-754 (12-Pack)', '1050368093', 'B0033P6QXE', 'X003A4ZSRT', 0, 0),
(984, 'DMC Thread 6-Strand Embroidery Cotton 8.7 Yards Light Steel Gray 117-318 (12-Pack)', '1050368097', 'B0033PE6S6', 'X003A556YD', 0, 0),
(985, 'Swiffer Wet Cloths, PK12', '1050256107', 'B0015ZW6BU', 'X0039Y33LD', 0, 0),
(986, 'Dettol Anti Bacterial Body Wash, Moisture, 21.1 Ounce/625 Ml (Pack of 2)', '1037291019', 'B08MJ81YCL', 'X002PMIAI1', 0, 0),
(987, 'Arm & Hammer Ultra Max Fresh Scent Solid Antiperspirant Deodorant 2.6 oz (Pack of 6)', '1049881214', 'B00E3E8A4M', 'X0039CHO0L', 0, 0),
(988, 'Glade Air Freshener Spray - Lemon Fresh - Net Wt. 8 OZ (227 g) Per Can - Pack of 3 Cans', '1049955140', 'B08QDM2WTG', 'X0039GPMP1', 0, 0),
(989, 'Bright Royal Blue Paper Plate Big Party Pack, 50 Ct', '1049849099', 'B001QF09GS', 'X0039AU7XT', 0, 0),
(990, 'Non Toxic Gold Body Paint - 100ml, 1 Ct', '1049849143', 'B01AKDNS3M', 'X0039AXJZ7', 0, 0),
(991, 'Shout Stain Remover Wipes, Travel Size - 4 ct - 2 pk', '1049591905', 'B00N8ESV88', 'X0038WILGX', 0, 0),
(992, 'Palmolive Ultra Liquid Dish Soap | Soft Touch on Hands | Tough-on-Grease | Concentrated Formula | Passion Fruit & Mandarin Scent - 20 Ounce Bottle (Pack of 3)', '1049601592', 'B0826ML67S', 'X0038WVJDP', 0, 0),
(993, 'Buddeez Coffee and More Dispenser with Scoop', '1049509639', 'B000IKE57Q', 'X0038RTIE7', 0, 0),
(994, 'Ziploc 01132 10 Count44; 2 Gallon - Jumbo Freezer Bags', '1049509716', 'B074W9ZY4W', 'X0038RTG2B', 0, 0),
(995, 'Scotch-Brite Clean & Rinse Scrubber - 2 ct, 4 Pack (Total 8 sponges)', '1049509796', 'B07N6N24HL', 'X0038RKK1H', 0, 0),
(996, 'Salon Grafix Shaping Hair Spray Super Hold Unscented 10 oz (Value Pack of 2), Packaging May Vary', '1049435270', 'B00E4MKB40', 'X0038NKT0D', 0, 0),
(997, 'ZEISS Pre-Moistened Lens Cleaning Wipes, 200 Count', '1049457467', 'B00GL64QG6', 'X0038OMZ3B', 0, 0),
(998, 'Vaseline Pure Petroleum Jelly, Original 15.22 Oz - 450 ml', '1024977920', 'B07MD6HJT4', 'X0022K2Q4Z', 0, 0),
(999, 'Method++Bamboo+Scent+All+Purpose+Cleaner++28+oz.+Liquid 2 Pack', '1049210593', 'B07V7GRTK5', 'X0038B0419', 0, 0),
(1000, 'Glade Solid Air Freshener Gel Hawaiian Breeze - 6 oz. (Pack of 4)', '1049210694', 'B081J5FC13', 'X0038AS2MX', 0, 0),
(1001, 'Crayola 18 Ct Twistables Colored Pencils', '1049165491', 'B000GYZ2CG', 'X00387VJXF', 0, 0),
(1002, 'ARM & HAMMER Pure Baking Soda 8 oz', '1049216831', 'B007SUVIXS', 'X0038B6GKH', 0, 0),
(1003, 'BAND-AID Flexible Fabric Bandages One Size Travel Pack, 8 Count, Pack of 24', '1049149360', 'B0125981RC', 'X003873O9R', 0, 0),
(1004, 'Rubbermaid Commercial 1924816 Maximizer Mop Head, Microfiber Blend, Large, Red', '1048677777', 'B00Q4MHIKI', 'X0037HYWKD', 0, 0),
(1005, 'San Jamar T1759TBK Ultrafold Multifold/C-Fold Towel Dispenser, Oceans, Black Pearl', '1048678175', 'B00ROR5UDY', 'X0037HYZSR', 0, 0),
(1006, 'Joy Ultra Dishwashing Liquid, Lemon Scent, 90-ounce', '1048513408', 'B01IQ9SG4I', 'X003783SQL', 0, 0),
(1007, 'OxiClean Bathroom Cleaner Fresh 32 Fl. Oz.', '1048513497', 'B075NJLH9H', 'X00378386V', 0, 0),
(1008, 'Glade Solid Air Freshener, 6 OZ (Clean Linen, Pack of 12)', '1048513637', 'B07G7F5J7P', 'X0037839SX', 0, 0),
(1009, 'LYSOL All Purpose Cleaner Trigger - Mango & Hibiscus 32 oz (Pack of 3)', '1048513670', 'B083TMG2F8', 'X003783EM9', 0, 0),
(1010, 'Cleans and Cuts Through Grease and Grime, and Deodorizes,Multi-Surface Cleaner, Spray Bottle, Lemon, 32 Ounces By Formula 409 (Pack of 4) - Packaging may vary', '1048513744', 'B07HQ87DHY', 'X003783TYH', 0, 0),
(1011, 'Irish Spring Aloe Bar Soap 3.75 Oz-pack of 20 Bars', '1048515001', 'B004QONP4O', 'X00378098L', 0, 0),
(1012, 'PURELL Hand Sanitizing Wipes, Clean Refreshing Scent, 40 Count Sanitizing Wipes Table Top Canisters (Pack of 3) - 9120-03-EC', '1048563063', 'B00WK260JG', 'X0037AYN5J', 0, 0),
(1013, 'Royal Industries Bastry Brush, Wood Handle, Natural Boar Bristle, Plastic Band, 1 1/2\", Commercial Grade', '1048541549', 'B008NAJD5C', 'X00379ODTL', 0, 0),
(1014, 'SheaMoisture Moisture Retention Shampoo for Dry, Damaged or Transitioning Hair Raw Shea Butter Shampoo to Hydrate Hair 13 oz 2 Count', '1048387994', 'B091DB16R7', 'X003718QYH', 0, 0),
(1015, 'Palmolive Ultra Antibacterial Orange Dish Liquid, 10-Ounce Pack of 3', 'YP-L0HP-63F4', 'B00Y1K1JK0', 'X00374TQ1B', 0, 0),
(1016, 'SC Johnson 02246 Shout Instant Stain Remover Wipes - 12', '1048413879', 'B0000DIWIK', 'X00372RJQ7', 0, 0),
(1017, 'Vaseline Intensive Care Healthy Hand Stronger Nails Lotion, 3.4 Fl Ounce (Pack of 3)', '1047697656', 'B07MVSFP5K', 'X0035RK2RR', 0, 0),
(1018, 'Lady Speed Stick Zero Deodorant Stick, Simply Clean (Pack of 4)', '1047697780', 'B081J5DNJ6', 'X0035RH9QJ', 0, 0),
(1019, 'JASON Hand & Body Lotion Cocoa Butter, 8 Fl Oz', '1047697801', 'B00D7APWJO', 'X0035RHPB3', 0, 0),
(1020, 'Mitchum Advanced Gel Anti-Perspirant & Deodorant, Mountain Air 2.25 oz (Pack of 4)', '1047697833', 'B00L5JPC30', 'X0035RHCYN', 0, 0),
(1021, 'Ponds Dry Skin Cream 6.5 Ounce Jar (192ml) (2 Pack)', '1047698793', 'B00GXOISA6', 'X0035RLKCX', 0, 0),
(1022, '4-Quart Plastic Measuring Cup', '1047878417', 'B004QNWUWS', 'X003690CQZ', 0, 0),
(1023, '5-Piece Plastic Measuring Cup Set', '1047878485', 'B006ZC7OM4', 'X00368V2G5', 0, 0),
(1024, 'Southern Champion Tray 09455 Premium Clay Coated Kraft Paperboard White Non-Window Lock Corner Bakery Box, 8\" Length x 8\" Width x 5\" Height (Case of 100)', '1047878510', 'B008WCNPXC', 'X00368V14X', 0, 0),
(1025, 'McCormick Culinary Ground Cayenne Pepper, 4.5 lb', '1047878597', 'B008OGCV4A', 'X0036943BF', 0, 0),
(1026, 'Strawberry Reàl, Strawberry Puree Infused Syrup, 16.9 FL OZ Squeezable Bottle (Pack of 1)', '1047878610', 'B00L3ZCFWC', 'X003690K9J', 0, 0),
(1027, 'Seventh Generation Dishwasher Detergent Packs, Free & Clear, 45 count', '1047878695', 'B00MY3A8YE', 'X003694IGZ', 0, 0),
(1028, 'Plastic Ice Bucket - 9\" x 9 1/2\" - Clear - 1 Pc.', '1047624654', 'B00J0HYRYO', 'X0035NODNZ', 0, 0),
(1029, 'Assorted Award Medals ,13\", Pack of 12', '1047624662', 'B004NHSLY8', 'X0035NL9IH', 0, 0),
(1030, 'Blast Off Birthday Rocket Treat Stand | 15 4/5\" x 13\" | Multicolor | 1 Pc', '1047624694', 'B07NW58MWG', 'X0035NOBTL', 0, 0),
(1031, 'Plastic Casino Gold Coins, 144 Ct - Pacakaging May Vary', '1047624705', 'B001QEYGIG', 'X0035NGNVZ', 0, 0),
(1032, 'Encanto Themed Hanging Spiral Decorations - 5 Inches - Multicolor - Pack of 12', '1047624806', 'B09JV2JZTC', 'X0035NLAQ3', 0, 0),
(1033, 'Football Themed Touchdown Luncheon Napkins - 6 1/2\" x 6 1/2\" - 125 Pcs', '1047624819', 'B0097B01HU', 'X0035NOD0N', 0, 0),
(1034, 'Amscan Big Party Pack 50 Count Plastic Cups, 18-Ounce, Berry, (Pack of 1)', '1047624840', 'B004UPYKDO', 'X0035NGOZF', 0, 0),
(1035, 'Amscan 436810.106, Big Party Pack Plastic Cups, 50 Count (Pack of 1), New Purple', '1047624864', 'B004UPYOFI', 'X0035NOI3P', 0, 0),
(1036, 'Palmolive Pure + Clear Concentrated Dish Washing Liquid 10 Fl Oz (2 pack)', '1047592805', 'B00IZHYE8Y', 'X0035M4Y0D', 0, 0),
(1037, 'Nivea Bath Cream, With Sparkle Diamonds and Fragrance of Calla White, 750 ml, Pack of 3', '1047262881', 'B07DJK3Y4N', 'X00356QP3X', 0, 0),
(1038, 'Suave Kids 2-in-1 Shampoo Smoothers Fairy Berry Strawberry 12 oz (Pack of 3)', '1047262883', 'B00GY81VJQ', 'X00356P61Z', 0, 0),
(1039, 'Glad Cling Wrap Clear Plastic Wrap, 200 Sq Ft (Pack of 3)', '1047262967', 'B00J5IN014', 'X00356SE5P', 0, 0),
(1040, 'Brillo® Steel Wool Soap Pads, Original Scent (Red), 10-Count', '1047104139', 'B0048HJBYC', 'X0034ZOJKV', 0, 0),
(1041, 'Brillo® Steel Wool Soap Pads, Lemon, 10-Count', '1047104355', 'B004YDM8JA', 'X0034ZOPTL', 0, 0),
(1042, 'Downy Infusions Fabric Softener, Lavender Serenity, 105 Little Sheets (Pack of 2)', '1047104954', 'B01MYG27UO', 'X0034ZUCMF', 0, 0),
(1043, 'Cascade, Platinum Fresh, 11.7 Ounce (Pack of 21)', '1047118827', 'B07NDS9M84', 'X003502KFL', 0, 0),
(1044, 'Handi Wipes Clorox Multi-Use Reuseable Cloths, 36 Count', '1046979152', 'B0779JH1ZL', 'X0034T72QF', 0, 0),
(1045, 'Clorox Handi Wipes Multi-Use Reusable Cleaning Cloths 21\" X 11\" 6 Count (Pack of 4)', '1046979329', 'B009GMVK0W', 'X0034T30YN', 0, 0),
(1046, 'Clorox Handi Wipes Multi-Use Reuseable Cloths 6 ct', '1046979412', 'B004X8P1UO', 'X0034T8AF7', 0, 0),
(1047, 'Arm and Hammer Fridge Fresh Baking Soda Disc (Pack of 2) Church and Dwight', '1046994745', 'B00IRHF22Y', 'X0034U85JH', 0, 0),
(1048, 'Vaseline Original Petroleum Jelly 50ml - Pack of 2', '1047014464', 'B01M1V84CY', 'X0034V6ZH5', 0, 0),
(1049, 'Duck Smooth Top EasyLiner, 12-inch x 10 Feet, Grey Damask', '1047100390', 'B00PXM6F9U', 'X0034ZBE4P', 0, 0),
(1050, 'Rubbermaid 1G1706WHT Enhanced Microbal Sink Mat, Small, White', '1046611696', 'B000LX5X1M', 'X0034AD8E9', 0, 0),
(1051, 'Arm & Hammer Ultra Max Invisible Solid Antiperspirant Deodorant, Fresh, 1 Ounce Travel Size (Pack of 10)', '1046478648', 'B01I4915Z2', 'X003432AVD', 0, 0),
(1052, 'Vaseline Lip Therapy Original.25 oz (Pack of 5)', '1046414638', 'B01IAEJUXU', 'X0033Z2PDF', 0, 0),
(1053, 'Kiss Brush-On Nail Glue 0.17oz (1 Pack)', '1046445797', 'B009F9UCIC', 'X00341GYA3', 0, 0),
(1054, 'Kiss Brush-On Nail Glue (3 Pack)', '1046445811', 'B01AX2XWP4', 'X00341AMHT', 0, 0),
(1055, 'Kiss Brush-On Nail Glue (2 Pack)', '1046445824', 'B01AX2XVL4', 'X00341G5AR', 0, 0),
(1056, 'Dettol Sensitive Liquid Hand Wash - 200 ml', '1046310925', 'B084QHZF89', 'X0033T5FHJ', 0, 0),
(1057, 'Vaseline Intensive Care Advanced Repair Unscented Healing Moisture Lotion, 20.3 oz (Pack of 2)', '1045541259', 'B00JGQDFQK', 'X0032SAGVB', 0, 0),
(1058, 'Dial Body Wash, Lavender & Twilight Jasmine with All Day Freshness, 16 Fluid Ounces (Pack of 3)', '1045541368', 'B076TVTW6X', 'X0032S95Q3', 0, 0),
(1059, 'Arm & Hammer Ultra Max Antiperspirant Deodorant 1 Ounce Travel Size (Pack of 2)', '1045145086', 'B07JNF8LXP', 'X0032AC81P', 0, 0),
(1060, 'Arm & Hammer Ultra Max Solid Antiperspirant Deodorant, Powder Fresh, 1 Ounce Travel Size (Pack of 10)', '1045145116', 'B07CRR7PC5', 'X0032A6AO1', 0, 0),
(1061, 'Mr. Clean Bliss Premium 1-Pair Latex-Free Gloves, Medium, White', '1044340389', 'B00F5P4F42', 'X00317KEDN', 0, 0),
(1062, 'Coast Refreshing Deodorant Soap Bar - 16 Bars - Thick Rich Lather Leaves Your Body Feeling Energized And Clean - Classic Pacific Force Scent', '1044340448', 'B07B7FVFBX', 'X00317CFSF', 0, 0),
(1063, 'Vaseline Intensive Care Aloe Soothe Lotion 400Ml - Pack of 2', '1044340471', 'B017WJUNAS', 'X00317EWYZ', 0, 0),
(1064, 'Vaseline Petroleum Jelly, 3.75 Ounce (Pack of 3)', '1044340561', 'B0167JSS9C', 'X00317EN21', 0, 0),
(1065, 'Crayola Crayons 24 Colors', '1007411083', 'B005SFUTO4', 'X0015Q00TF', 0, 11),
(1066, 'Q-Tips Cotton Swabs, 170 Count, 2-Pack', '1044287757', 'B00NFUB81M', 'X00313C1L5', 0, 0),
(1067, 'Business Source Nonskid Stainless Steel Ruler (32361)', '1044206380', 'B004E3PNSS', 'X0030XS723', 0, 0),
(1068, 'Dettol Skincare Liquid Hand Wash 200ml', '1044138310', 'B004QCH2N6', 'X0030TTBDB', 0, 0),
(1069, 'Royal Industries Bastry Brush, Wood Handle, Natural Boar Bristle, Plastic Band, 4\", Commercial Grade', '1043870780', 'B008NAJF6E', 'X0030BRQHR', 0, 0),
(1070, 'Royal Industries Bastry Brush, Wood Handle, Natural Boar Bristle, Plastic Band, 2\", Commercial Grade', '1043896501', 'B008NAJDUW', 'X0030D1DBF', 0, 0),
(1071, 'Paper Mate (2254) Mirado Black Warrior Lead Pencils, (Medium) Soft (12 Count) (3 Pack of 12)', '1043718303', 'B00WP5AVDY', 'X00303HUCB', 0, 0),
(1072, 'Blistex Lip Medex.25-Ounce (Pack of 12)', '1043654367', 'B00I3INX00', 'X002ZZZGFN', 0, 0),
(1073, 'Blistex Lip Medex External Analgesic/Lip Protectant 0.25 oz (Pack of 6)', '1043654385', 'B00VYYL2BW', 'X002ZZZGJT', 0, 0),
(1074, 'Dettol Body Wash and shower Gel, Refresh - 250ml', '1043459556', 'B07XTSQT4R', 'X002ZPFN15', 0, 0),
(1075, 'Purell Advanced Hand Sanitizer Refreshing Gel, 1 Fl Oz (3-Pack)', '1029942442', 'B00ECKFHQ6', 'X002CVEFJX', 0, 0),
(1076, 'Dawn Ultra Apple Blossom Hand/Dish Soap 7 oz 3-pack', '1042869385', 'B08F4ZJXWW', 'X002YT4HC3', 0, 0),
(1077, 'Sea Breeze Astringent 10 Ounce Original (295ml) (3 Pack)', '1042684146', 'B07GX8L5R4', 'X002YJ6B1N', 0, 0),
(1078, 'Garnier Fructis Full and Plush Volumizing Shampoo For Oily, Flat, Fine Hair, Made with Active Fruit Protein for Fuller and Healthy Hair, Vegan and Cruelty Free, 12.5 Fl Oz (370 ml)', '1042684156', 'B01M7X9PLZ', 'X002YJFJHP', 0, 0),
(1079, 'Shower to Shower, Absorbent Body Powder Original Fresh, 13 oz', '1042708522', 'B005IHTFM4', 'X002YKP2IZ', 0, 0),
(1080, 'Shower to Shower, Absorbent Body Powder Morning Fresh, 13 oz', '1042708550', 'B005IHUTPG', 'X002YKND5T', 0, 0),
(1081, 'Shea Moisture Raw Shea Shampoo 13 Ounce (384ml) (2 Pack)', '1042708589', 'B01526EJUI', 'X002YKJJUH', 0, 0),
(1082, 'Orajel, Instant Pain Relief Gel, Severe Toothache - 0.25 oz, 2 Pack', '1042714606', 'B00EP238NK', 'X002YL3D03', 0, 0),
(1083, 'Scrubbing Bubbles Mega Shower Foamer With Ultra Cling Trigger, Pack of 3, 32 Ounce', '1042610978', 'B07JHV7CPK', 'X002YF0XYD', 0, 0),
(1084, 'Handi Wipes Heavy Duty 3Ct 6-Pack', '1042375031', 'B01FZPJGYU', 'X002XZRP9P', 0, 0),
(1085, 'Chore Boy Golden Fleece Scrubbing Cloths | 2-Units per Pack | 4-Pack | (Total of 8 Scrubbing Cloths)', '1042375073', 'B07482NH1V', 'X002XZSSRD', 0, 0),
(1086, 'Scrubbing Bubbles Foaming Bathroom Cleaner with Bleach - 32 oz - 3 pk', '1042291777', 'B07B3VDT2Z', 'X002XUQEND', 0, 0),
(1087, 'Rit Dye Powder Dye 1-1/8 Ounce - Pack of 3, Lemon Yellow', '1042105565', 'B00F3T1QOM', 'X002XJYKH1', 0, 0),
(1088, 'Rit Dye Liquid Dye, 8 fl oz, Royal Blue, 3-Pack', '1042105625', 'B06XFZZ8GH', 'X002XK0HNV', 0, 0),
(1089, 'Rit Dye Liquid Dye, 8 fl oz, Navy Blue, 3-Pack', '1042105753', 'B00F3T1V60', 'X002XJYZ3F', 0, 0),
(1090, 'Crayola 68-4024 Long Colored Pencils 24 Count (pack of 3)', '1042106825', 'B0033M2I9S', 'X002XK300N', 0, 0),
(1091, 'Zilla Reptile Habitat Décor Hideouts Bark Bends, Medium', '1042112455', 'B001OVD6QO', 'X002XKCFGN', 0, 0),
(1092, 'ROY TN 151 200 -Royal Industries Number 151-200 Plastic Number Card Set, Plastic, 4\' by 4\', White Base with Black Numbers', '1041943891', 'B001TA4SYY', 'X002XAXU8F', 0, 0),
(1093, 'Andrews Salts Original Instant Relief from Upset Stomach, Heartburn, Indigetsion- 50 sachets', '1041675490', 'B07581F47J', 'X002WVVZ5Z', 0, 0),
(1094, 'Vaseline Pure Jelly Jar 1.8 Oz(3PK)', '1041675726', 'B00KOCI20E', 'X002WVPRBD', 0, 0),
(1095, 'White Dove Cotton Balls, Pure Cotton, 100 Ct (3 Pack)', '1019450626', 'B077DPR85S', 'X001RJP8R9', 0, 0),
(1096, 'White Dove Cotton Balls, 100% Pure Cotton, 100Ct (2 Pack)', '1020024753', 'B0779MGFH3', 'X001SNA3T7', 0, 0),
(1097, 'Crayola 68-4410 Erasable Colored Pencils 10 Count - 6 Pack (60 count)', '1041179956', 'B0044UGLOQ', 'X002W3HD1X', 0, 0),
(1098, 'Crayola Multi Color Childerns Chalk, 12 per Pack 36 Packs per case', '1041180169', 'B007XZW9WM', 'X002W3L5J9', 0, 0),
(1099, 'Self Adjusting Extra Control Mousse Finesse Mousse Unisex 7 oz (Pack of 5)', '1041180427', 'B075M2ZYCM', 'X002W3IBVJ', 0, 0),
(1100, 'Fix-A-Flat S60430 Aerosol Emergency Flat Tire Repair and Inflator, for Large Tires, Eco-Friendly Formula, Universal Fit for All Cars and Small Trucks/SUVs, 20 oz. (Pack of 1)', '1041180509', 'B01FX5TKGQ', 'X002W37QTR', 0, 0),
(1101, 'Jergens Natural Glow 3 Days to Glow Moisturizer, Medium to Tan 4 oz (Pack of 3)', '1041180764', 'B00JOLLIFC', 'X002W3E3DT', 0, 0),
(1102, 'Kiss Brush-On Nail Glue (6 Pack)', '1041180907', 'B01AX2XXU8', 'X002W3FBI5', 0, 0),
(1103, 'Kiwi 10114 1-1/8 Oz Neutral Shoe Polish', '1041180987', 'B00QMC5JBA', 'X002W3FC61', 0, 0),
(1104, 'Magic Razorless Cream Shave Bald Head 6 Ounce Tube (177ml) (3 Pack)', '1041181027', 'B00GMQ2WFM', 'X002W3FCTD', 0, 0),
(1105, 'Orajel Maximum Strength Liquid, 0.45 Fl Oz, 1 Count', '1041181150', 'B00A6VAV8O', 'X002W3G9Y5', 0, 0),
(1106, 'Right Guard Sport Antiperspirant and Deodorant, Clear Gel, Fresh, 3 Ounce (Pack of 4)', '1041181192', 'B01D0BJDEE', 'X002W3IFYR', 0, 0),
(1107, 'Suave Max Hold Non Aerosol Hairpsray Unscented 11 oz (Pack of 5)', '1041181593', 'B01IA9A9SU', 'X002W3GF1H', 0, 0),
(1108, 'Suave Body Lotion - Soothing with Aloe - 18 oz - 2 pk', '1041181871', 'B00JGQCLGA', 'X002W3ILHN', 0, 0),
(1109, 'Suave Invis SLD Shw Size,2.6 Ounce (Pack of 3) Suave Fresh Invisible Solid Deodorant', '1041181924', 'B00J5K4HFU', 'X002W3HF2F', 0, 0),
(1110, 'Veet Legs & Body 3 in 1 Gel Cream, 6.78 oz (Pack of 2)', '1041181973', 'B009P7VKTE', 'X002W3GS69', 0, 0),
(1111, 'Crayola Ultra-Clean Washable Markers, Color Max, Fine Line Classic Colors 8 Ea (Pack of 6)', '1041149002', 'B008CBWURA', 'X002W20AMD', 0, 0),
(1112, 'Vaseline Petroleum Jelly, Original, 13 Ounce (Pack of 3), Packaging may vary.', '1041264651', 'B001ECQ4L2', 'X002W8DEG1', 0, 0),
(1113, 'Dr. Bronners Organic Lemongrass Lime Liquid Body Soap, 710 ML', '1041080031', 'B001DI776S', 'X002VYILBJ', 0, 0),
(1114, 'Loreal Oreor Creme 30 Volume Developer 8 Ounce (235ml) (2 Pack)', '1041080064', 'B00NFVA0B0', 'X002VYEJIN', 0, 0),
(1115, 'Mr Bubble Bubble Bath Extra Gentle 16 Fl Oz (Pack of 3)', '1041080120', 'B073K2YYF8', 'X002VYPEDR', 0, 0),
(1116, 'Shea Moisture Raw Butter Bar Soap, 8 Ounce, Pack of 2', '1041080238', 'B00NGRSRDG', 'X002VY9RI5', 0, 0),
(1117, 'SHOWER TO SHOWER Body Powder Morning Fresh 13 oz (Pack of 2)', '1041080278', 'B01IA99NQO', 'X002VYPG2V', 0, 0),
(1118, 'Vaseline Intensive Care Cocoa Glow Body Lotion With Pure Cocoa Butter, 13.5 Oz/400 Ml (Pack of 2)', '1041137240', 'B010KPYVN6', 'X002W1HOFF', 0, 0),
(1119, 'Vaseline Cocoa Butter Deep Conditioning Body Lotion 13.52 oz', '1041137270', 'B008MTVWRQ', 'X002W1APQ5', 0, 0),
(1120, 'Vaseline Lip Therapy Advanced Healing, 0.35 Ounce (Pack of 10)', '1041147134', 'B00IB3ANJ6', 'X002W1YFYN', 0, 0),
(1121, 'Coast Refreshing Deodorant Soap Bar - 8 Bars - Thick Rich Lather Leaves Your Body Feeling Energized And Clean - Classic Pacific Force Scent', '1040699723', 'B00C67SFN4', 'X002VQYJ1X', 0, 0),
(1122, '24 Count Crayons (12-Pack)', '1040985952', 'B07VW6G1B5', 'X002VSQLAN', 0, 0),
(1123, 'Q-Tips Cotton Swabs - 375 Swabs', '1041015531', 'B074MK42YG', 'X002VUOYRD', 0, 0),
(1124, 'Q-tips Cotton Swabs For Hygiene and Beauty Care Q Tips Precision Cotton Tips Cotton Swab Made With 100% Cotton, 170 Count (Pack of 3)', '1041015545', 'B005XIM6J2', 'X002VUJX65', 0, 0),
(1125, 'Kaytee Fiesta Healthy Toppings Papaya, 2.5 Ounces (Pack of 4)', '1040824661', 'B01MAYHEZZ', 'X002VIAGBN', 0, 0),
(1126, 'Degree Men Original Deodorant 48-Hour Odor Protection Arctic Edge Deodorant For Men 3 oz, Pack of 6', '1040872740', 'B001QXC8FA', 'X002VLJ7FL', 0, 0),
(1127, 'TRESemmé Anti-Breakage Strengthening & Nourishing Shampoo For Damaged Hair Formulated With Pro Style Technology 28 oz', '1040872774', 'B00TBJSR1A', 'X002VLVLTV', 0, 0),
(1128, 'TRESemmé Shampoo, Purify & Replenish Deep Cleansing, 28 Fl Oz (Pack of 1)', '1040872856', 'B00TBJT4SK', 'X002VLGFDN', 0, 0),
(1129, 'Suave Professionals Shampoo Color Protection 12.6oz', '1040872888', 'B00027C9B4', 'X002VLGGIR', 0, 0),
(1130, 'Dove Beauty Bar More Moisturizing Than Bar Soap Gentle Exfoliating With Mild Cleanser For Softer And Smoother Skin 3.75 oz, 2 Bars', '1040872929', 'B000VZZSB0', 'X002VLVPDX', 0, 0),
(1131, 'Reynolds Wrap Aluminum Foil, 500 sq ft', '1040829671', 'B001R2NM5U', 'X002VIV0HR', 0, 0),
(1132, 'Scrubbing Bubbles Foaming Bathroom Cleaner with Bleach - 32 oz - 2 pk (2)', '1040829754', 'B073SVVKGB', 'X002VIV3ER', 0, 0),
(1133, 'Crayola Crayons 24 Count, 6 Pack (52-0024-6)', '1040830002', 'B00VAFI664', 'X002VIX4S5', 0, 0),
(1134, 'Vaseline Petroleum Jelly Original 13 oz (Pack of 2)', '1040698436', 'B00GLLI14Y', 'X002VAASDH', 0, 0),
(1135, '38 Ounce Bar Ice Scoop, Dry Bin Scoop, Dry Goods Scoop, Candy Scoop, Spice Scoop, Aluminum by Royal Industries, , Commercial Grade', '1040713909', 'B008NAXNTO', 'X002VAU1QL', 0, 0),
(1136, 'Q-tips Swabs Travel Pack,30 Count, Pack of 2', '1040498461', 'B07XVK5TPV', 'X002UX2JXR', 0, 0),
(1137, 'Q-tips Swabs Purse Pack 30 Each (Pack of 3)', '1040498592', 'B01IAI83QQ', 'X002UX2KHR', 0, 0),
(1138, 'Dettol Body Wash and shower Gel, Energize - 250ml', '1040526005', 'B07XTRX2JJ', 'X002UYI5ED', 0, 0),
(1139, 'Dettol Sensitive Body Wash Shower Gel - 300 G', '1040553013', 'B088PXG1Q6', 'X002V0F5SZ', 0, 0),
(1140, 'Dettol Cool Body Wash Shower Gel - 300 G', '1040553044', 'B08C6YX22K', 'X002V0PCUV', 0, 0),
(1141, 'Dettol Original Anti-Bacterial Shower Gel 300g', '1040562027', 'B0136WMXXA', 'X002V1BF7J', 0, 0),
(1142, 'Four Paws Pet Select Pee Pee Pads for Dogs and Puppies 14 Count Extra Large: 28\" x 34\"', '1040407218', 'B072DXG9L4', 'X002URNLKN', 0, 0),
(1143, 'Nylabone Advanced Oral Care Water Additive for Dogs - Liquid Tartar Remover Original 16 oz. (1 Count)', '1040407338', 'B006YG2GEM', 'X002URNOA5', 0, 0),
(1144, 'Zilla Reptile Habitat Décor Hideouts Bark Bends, Small', '1040407525', 'B000OQR7C4', 'X002UROX7D', 0, 0),
(1145, 'Sikaflex-291, White, General All-Purpose Fast Cure Marine Adhesive and sealant. Polyurethane sealant for Boats, 3 fl. oz Tube', '1040426250', 'B089SCWQ6P', 'X002UTLWJD', 0, 0),
(1146, 'Pampers Baby Wipes Tub, Sensitive - 64 Wipes/Tub', '1040439698', 'B001ROSOSI', 'X002UU3C7R', 0, 0),
(1147, '3 Pk. Ultra Palmolive® Pure Clear® Ultra Concentrated Dish Liquid, 10 Fl. Oz (30 Fl Oz Total)', '1040172748', 'B07K8R7624', 'X002UDJ8BN', 0, 0),
(1148, 'Scrubbing Bubbles Foaming Bathroom Cleaner with Bleach - 32 Fl oz - 2 pk', '1040209092', 'B00MUE5BYY', 'X002UF0S0V', 0, 0),
(1149, 'Dial Skin Therapy Enriching Body Wash, Sea Minerals 16 oz (Pack of 2)', '1040209145', 'B07GQ2XK88', 'X002UFEUKP', 0, 0),
(1150, 'Drano Kitchen Granules Drain Clog Remover and Cleaner, 17.6 Ounce', '1040209216', 'B07D6WVZMR', 'X002UFEVJP', 0, 0),
(1151, 'Dial Glycerin Soap Bars Coconut Water & Bamboo Leaf Extract, 4 oz bars, 3 ea (Pack of 2)', '1040209262', 'B01IAEE0GW', 'X002UF0XK1', 0, 0),
(1152, 'Chore Boy Ultimate Copper Scrubber Scouring Pad, Pure Copper (10-Pack)', '1040209312', 'B007VGICGK', 'X002UFF61H', 0, 0),
(1153, 'GE Sealants & Adhesives 281 Advanced Silicone 2 Kitchen & Bath Sealant, 2.8oz, White', '1040227344', 'B016TQF65M', 'X002UGA981', 0, 0),
(1154, 'Rit Dye Liquid 8 Ounces Teal 8-88040 (3-Pack)', '1040227378', 'B0033PDI0I', 'X002UGIR0X', 0, 0),
(1155, 'Rit Dye Liquid 8 Ounces Taupe 8-88340 (3-Pack)', '1040227442', 'B0033PF7JI', 'X002UGIV2H', 0, 0),
(1156, 'WB Marvin Frost King AWS1545 Adjustable Window Screen, 15in High x Fits 25-45in Wide, 25-45 W', '1040227493', 'B00004Z13G', 'X002UGQ241', 0, 0),
(1157, 'Gorilla Black Duct Tape, 1.88\" x 12 yd, Black, (Pack of 1)', '1040227573', 'B000HQIX2O', 'X002UGPH01', 0, 0),
(1158, 'Pyrex Prepware 1-Cup Measuring Cup, Clear with Red Measurements', '1040227629', 'B0000CFMZN', 'X002UGML55', 0, 0),
(1159, 'Pyrex Measuring 4 Cup (32 Oz) Glass, Clear, Red', '1040227651', 'B00GBFVGZ6', 'X002UGPVNT', 0, 0),
(1160, 'Rit Dye Liquid 8 Ounces Sunshine Orange 8-88430 (3-Pack)', '1040235874', 'B0033PGNZK', 'X002UHH091', 0, 0),
(1161, 'Rit Dye Liquid 8 Ounces Evening Blue 8-88270 (3-Pack)', '1040235935', 'B0033PKK7M', 'X002UGV4YJ', 0, 0),
(1162, 'Duck Smooth Top EasyLiner, 20-inch x 6 Feet, Black Quatrefoil', '1040236177', 'B00PXMEIU8', 'X002UHCY0V', 0, 0),
(1163, 'Mogul Nightlight. Himalayan Pink Salt- Natural Shape (15 WATTS Bulb)', '1039803420', 'B07K2H8NZL', 'X002TQK4DH', 0, 0),
(1164, 'Lodge Tempered Glass Lid, 10.25-inch', '1039680661', 'B002R8JNRY', 'X002TJ3C1Z', 0, 0),
(1165, 'CDN ProAccurate Oven Thermometer, Pack of 1', '1039680703', 'B00CD5NI0E', 'X002TJ3C8X', 0, 0),
(1166, 'American Metalcraft 18711 Aluminum Pizza Screen, 11\" Dia.', '1039680719', 'B000SBRJ9G', 'X002TJ1NGV', 0, 0),
(1167, 'Wilton Alphabet and Number Cookie Cutter Set', '1039680771', 'B001ASV27Q', 'X002TJ1P2N', 0, 0),
(1168, 'Vollrath 4970220 Ladle - Short Handled 2 oz. Capacity', '1039023989', 'B003A47FBA', 'X002SK9O6R', 0, 0),
(1169, 'Vaseline Lip Therapy Advanced Formula 0.35 oz (Pack of 9)', '1038902256', 'B01IA9D2BQ', 'X002SDO6KN', 0, 0),
(1170, 'Palmolive Ultra Antibacterial Orange Dish Liquid, 10-Ounce Pack of 3', '1038761707', 'B00Y1K1JK0', 'X002S51RXF', 0, 0),
(1171, 'Barfly Ice Bag', '1038786735', 'B07B4Y78WM', 'X002S6BKWH', 0, 0),
(1172, '24 Ounce Bar Ice Scoop, Dry Bin Scoop, Dry Goods Scoop, Candy Scoop, Spice Scoop, Aluminum by Royal Industries, , Commercial Grade', '1037050292', 'B008NAXN9Y', 'X002P8JUN9', 0, 0),
(1173, 'Norpro Tortilla Press, 8 inch, Silver', '1037050391', 'B000SSSTO8', 'X002P8JVXX', 0, 0),
(1174, 'Ryobi Portable Power Inflator for Tires [NEW DIGITAL GAUGE] [18-Volt] [Cordless] [ONE+ Battery system] [P737D] (Battery Not Included, Power Tool Only)', '1036927674', 'B0821S1TZG', 'X002P1HP8X', 0, 0),
(1175, 'Mercer Culinary M22907 Millennia Black Handle, 7-Inch, Nakiri Knife', '1036652615', 'B000PS2XKW', 'X002OL0UG3', 0, 0),
(1176, 'Norpro 3040 3-1/2 Cup Measuring Funnel Pitcher', '1036780537', 'B01LMB3VQU', 'X002OSIH2Z', 0, 0),
(1177, 'Norpro New Measuring Funnel Pancake Batter Pitcher, 3.5-Cup/28oz/900ml (3-Pack)', '1036780559', 'B01LMB80D4', 'X002OSK331', 0, 0),
(1178, '5 Ounce Bar Ice Scoop, Dry Bin Scoop, Dry Goods Scoop, Candy Scoop, Spice Scoop, Aluminum by Royal Industries, , Commercial Grade', '1036402002', 'B008NAXOBQ', 'X002O6NUFL', 0, 0),
(1179, 'Mogul Tear-Shaped Nightlight. Himalayan Pink Salt Lamp with Wooden Base, UL Certified Cord, and Light Bulb(15 Watts)', '1036402252', 'B07J6RXCYC', 'X002O6M92B', 0, 0),
(1180, 'Mogul Cylinder Shaped Nightlight. Himalayan Pink Salt Lamp', '1036402295', 'B07J5F1Y6Q', 'X002O6M9JJ', 0, 0),
(1181, 'Amscan Heavyweight Pastel Blue Plastic Spoons, 48 Ct.', '1036395813', 'B00AEHC8RM', 'X002O5PDZR', 0, 0),
(1182, 'Amscan Premium Heavy Weight Disposable-Spoons, Standard Size, Light Yellow', '1036395829', 'B00BFX6G8Q', 'X002O5PCC1', 0, 0),
(1183, 'Amscan Premium Heavy Weight Disposable-Spoons, Full Size, Magenta', '1036395840', 'B00BFX6JHE', 'X002O5PCOT', 0, 0),
(1184, 'Amscan Plastic Lunch Plates, 50 pieces, Leaf Green', '1036395938', 'B00BFX790U', 'X002O60DQP', 0, 0),
(1185, '2 Pk. Dawn Ultra Antibacterial Orange Scent Dishwashing Liquid 7oz. (14 Fl. Oz Total)', '1036186151', 'B0815QVXG6', 'X002NU1073', 0, 0),
(1186, 'Febreze Unstopables Fresh Wax Melts (8 Melts, 3 Oz)', '1015506930', 'B01MSLRTB2', 'X001L0VJT5', 0, 0),
(1187, 'Mogul- Miniature Fire-Bowl Shaped USB Table Lamp. Himalayan Pink Salt Lamp with Wooden Base, UL Certified Cord with USB', '1032133134', 'B07JGCY3KY', 'X002GO4M53', 0, 0),
(1188, 'Mogul Circular Shaped Lamp. Himalayan Pink Salt Lamp with Wooden Base, UL Certified Cord with USB', '1032133110', 'B07J9KL85Y', 'X002GNWG5H', 0, 0),
(1189, '2 Pk. Dawn Ultra Antibacterial Apple Blossom Dishwashing Liquid & Hand Soap - 7oz. (14 Fl. Oz Total)', '1035582677', 'B085ZZZBC8', 'X002MR3UBL', 0, 0),
(1190, 'Palmolive Ultra Soft Touch Liquid Dish Soap | Soft Touch on Hands | Tough-on-Grease | Concentrated Formula | Coconut Butter & Orchid Scent - 20 Ounce Bottle (Pack of 2)', '1035328664', 'B0829P1WY6', 'X002MBINW3', 0, 0),
(1191, 'Swiffer Sweeper Dry Sweeping Cloths 16 ea (Pack of 2)', '1035359769', 'B01IAI0WUQ', 'X002ME12PZ', 0, 0),
(1192, 'Swiffer Sweeper Dry Sweeping Cloths 16 ea (Pack of 2)', '1035441912', 'B01IAI0WUQ', 'X002MIBZU3', 0, 0),
(1193, 'Dawn Dish Soap Original Scent, 7 Fl Oz, Pack of 3', '1035306123', 'B07D85RN5K', 'X002MAGO4D', 0, 0),
(1194, 'Head and Shoulders Classic Clean Anti-Dandruff Shampoo 3 oz Travel Size (Pack of 3)', '1035254284', 'B06WVBYLNB', 'X002M77U5N', 0, 0),
(1195, 'Palmolive Dish Liq Green, 10 Ounce', '1035159059', 'B003E1PY80', 'X002M0BONJ', 0, 0),
(1196, 'Swiffer Starter Kit', '1035031347', 'B00DE8WOQ8', 'X002LU6S9Z', 0, 0),
(1197, 'Swiffer Sweeper Wet Mopping Cloth Refill - Open Window Fresh - 24 wet cloths - 2 pk', '1035031828', 'B00J5HROLW', 'X002LU9BR1', 0, 0),
(1198, 'Palmolive Ultra Dish Liquid 10Oz Oxy-Plus Power Degreser 3-Pack', '1035063276', 'B0738PVY77', 'X002LVRKTV', 0, 0),
(1199, 'Value Pack of 3 Dawn Procter & Gamble 39713 Dish Soap, Ultra Original, 7-oz. Each.', '1035099931', 'B084P9759D', 'X002LX7HK1', 0, 0),
(1200, 'Cococare 100% Cocoa Butter Stick - All-Natural Cocoa Butter Emollient for Ultimate Skin Hydration & Protection - The Yellow Stick - (2 Pack)', '1034998448', 'B002LM7QI4', 'X002LR9IJF', 0, 0),
(1201, 'Crest 3D White Fluoride Anticavity Toothpaste 0.85 oz (Pack of 2)', '1035031306', 'B01IAFDIUK', 'X002LTOTXD', 0, 0),
(1202, 'Palmolive Ultra Antibacterial Orange Dish Washing Liquid, 10 oz-2 pack', '1034575300', 'B00IRM6KAC', 'X002L0BEL7', 0, 0),
(1203, 'Lot of 3 Coconut Oil Cream 6 Oz/ea Coconut Oil Moisturizing Cream Vitamin E Dry Skin', '1034542639', 'B01M28Y0B0', 'X002KYMC5L', 0, 0),
(1204, 'SC Johnson Professional Freezer Bags, For Food Organization and Storage, Double Zipper, 2 Gallon, 100 Count', '1034542656', 'B01NCDWR8A', 'X002KYMCD3', 0, 0),
(1205, '3 Pk. Palmolive Ultra Soft Touch Dish Soap, Almond Milk and Blueberry - 10FL. Oz', '1034542676', 'B076KWTYD7', 'X002KYME27', 0, 0),
(1206, 'Shout Instant Stain Remover Towelette Wipes (80 count)', '1034543558', 'B073H9MW28', 'X002KYA7DF', 0, 0),
(1207, 'Crayola 68-4012 Colored Pencils, 12-Count, Pack of 2, Assorted Colors', '1034559081', 'B00FX9DFAU', 'X002KZ8899', 0, 0);
INSERT INTO `import_result` (`id`, `title`, `msku`, `asin`, `fnsku`, `pcs`, `qty`) VALUES
(1208, 'Crayola Broad Line Markers, Classic Colors 10 Each (Pack of 3)', '1034559183', 'B014DV4E9E', 'X002KYR12F', 0, 0),
(1209, 'Crayola Broad Line Markers, Classic Colors 10 Each (Pack of 6)', '1034559238', 'B007NVYLMC', 'X002KYV0S1', 0, 0),
(1210, 'Etch A Sketch, Classic Red Drawing Toy with Magic Screen, for Ages 3 and Up', '1034542038', 'B01N1ZVYDM', 'X002KYM5S5', 0, 0),
(1211, 'Mogul- Pink Himalayan Salt- Finely Milled Salt- Healthy and Nutritious', '1032895310', 'B07JBKHN8J', 'X002I0BWKX', 0, 0),
(1212, 'Mogul- Pink Himalayan Salt- Finely Milled Salt- Healthy and Nutritious', '1032895918', 'B07J6RFQR4', 'X002I0629J', 0, 0),
(1213, 'Mogul- Pink Himalayan Salt- Finely Milled Salt- Healthy and Nutritious', '1032895928', 'B07J6RLZY3', 'X002I062C1', 0, 0),
(1214, 'Vaseline 100% Pure Petroleum Jelly, Original Skin Protectant, 13 Oz (Pack of 2)', '1034367917', 'B00AET70UA', 'X002KNVMAN', 0, 0),
(1215, 'Set of 3 Trim Deluxe Fingernail Clippers with File bundled by Maven Gifts', '1028905429', 'B01IAFITG8', 'X002AZJO6Z', 0, 0),
(1216, 'Palmolive Essential Clean Liquid Dish Soap (Orange Scent, 12.6 Fl. Oz (4 Pack))', '1034066266', 'B078TPJB7B', 'X002K0IFNX', 0, 0),
(1217, 'Palmolive Essential Clean, Dish Liquid Soap, Original, 12.6 Fl.oz (4 Pack)', '1034066370', 'B078TJHQS7', 'X002K06HFL', 0, 0),
(1218, 'Swiffer Sweeper Dry Sweeping Cloths 16 ea (Pack of 3)', '1033984075', 'B01IAI0YAE', 'X002JUIV6Z', 0, 0),
(1219, 'Softsoap Kitchen Citrus Bliss Foaming Liquid Hand Soap, 8 Ounce - 6 per case.', '1033984463', 'B01DLK4G64', 'X002JU3GV5', 0, 0),
(1220, '-Royal Industries Pie Pan, 10\" Inside Diameter, 1 1/4\" Deep, Aluminum, 21 Guage, Commercial Grade', '1034014767', 'B008NAJQHM', 'X002JXA88V', 0, 0),
(1221, 'Fiesta 14-1/4-Ounce Small Bowl, Turquoise', '1033952119', 'B002MRSFVK', 'X002JTAR31', 0, 0),
(1222, 'Palmolive Essential Clean, Orange/Tangerine Scent, Tough on Grease, Soft on Hands 14 Fl.Oz', '1033809449', 'B086HV4NM7', 'X002JKHZDP', 0, 0),
(1223, 'Febreze Unstopables Shimmer Wax Melts (8 Melts, 3 Oz)', '1015507011', 'B01N2GG7Z8', 'X001L0W95N', 0, 0),
(1224, '16-Ounce Flat Bottom Aluminum Scoop', '1033639835', 'B0029SZNLM', 'X002JAUJ6Z', 0, 0),
(1225, 'Mercer Culinary Millennia Colors 6-Inch Produce Knife, Green', '1033619079', 'B00MJ0A5SG', 'X002J983Q9', 0, 0),
(1226, 'Swiffer 35154 Wet Refills, Open Window Fresh, 12 Count', '1033441314', 'B002XK09D8', 'X002IYIR6V', 0, 0),
(1227, 'Dawn Ultra Platinum Dish Liquid 7 oz Bottle (2 pk)', '1033357696', 'B07VXKSPG3', 'X002ISNDHF', 0, 0),
(1228, 'Swiffer Sweeper Wet Mopping Pad Refills for Floor Mop Open Window Scent, White, Fresh, 12 Count', '1033362360', 'B00MNXTBSO', 'X002ITB74P', 0, 0),
(1229, 'Kleenex Trusted Care Facial Tissues, 8 On-The-Go Travel Packs, 10 Count (Pack of 8)', '1033209615', 'B00706W9EC', 'X002IIIRSZ', 0, 0),
(1230, 'Glad Tall Kitchen Drawstring Recycling Bags - 13 Gallon Blue Trash Bag - 45 Count Each', '1033210206', 'B00A9T30C2', 'X002IJ35KJ', 0, 0),
(1231, 'Swiffer Sweeper Wet Mopping Pad Multi Surface Refills for Floor Mop, Gain scent, White, 12 Count', '1032873465', 'B00LM9AIR8', 'X002HYK0A3', 0, 0),
(1232, '2 Pack Dawn Ultra Dishwashing Liquid', '1032886608', 'B07V5BWX5K', 'X002HZMXRZ', 0, 0),
(1233, 'Dawn Ultra BOTANICALS DISHWASHING Liquid Cherry Blossom 7oz', '1032886610', 'B082GCSC5X', 'X002I005FB', 0, 0),
(1234, 'Dawn Botanicals Dishwashing Liquid, Aloe Water', '1032890427', 'B07S8S1T99', 'X002HZWQFJ', 0, 0),
(1235, 'Dawn Ultra Antibacterial Dishwashing Liquid 7oz. Orange Scent (Orange)', '1032890925', 'B0813XFYQV', 'X002I00QP5', 0, 0),
(1236, 'Degree Deodorant 2.6oz Womens Sheer Powder Twin Pk', '1032895357', 'B00FX0WBNQ', 'X002I0BVO5', 0, 0),
(1237, 'Swiffer Sweeper Dry Sweeping Pad Refills, Febreze Lavender Vanilla and Comfort Scent, 16 ct', '1032870686', 'B01ISPZ530', 'X002HYACV5', 0, 0),
(1238, 'Swiffer Sweeper Dry Cloth Refill-Lavender Vanilla & Comfort-16 count (2 Pack)', '1032870711', 'B00K96Z69U', 'X002HYMN0D', 0, 0),
(1239, 'Swiffer Sweeper Wet Mopping Cloth Refill - Lavender Vanilla & Comfort - 24 ct', '1032781409', 'B00EV461RW', 'X002HPWIR5', 0, 0),
(1240, 'Dove Antiperspirant Deodorant 24-hour Sweat Protection Original Clean Deodorant for Women 2.6 oz, 2 Count', '1032800263', 'B00CHHK65S', 'X002HQSCEH', 0, 0),
(1241, 'Swiffer 686696619636 PG-3231 Sweeper Wet Mopping Cloth Refill-Open Window Fresh-24 ct, 24 Count (Pack of 1), Multi', '1032801471', 'B00H0UIIC0', 'X002HQY06V', 0, 0),
(1242, 'Joseph Joseph Nest 8, Food Preparation Set, Blue, 8-Piece', '1032769560', 'B07N2247ML', 'X002HPAQG5', 0, 0),
(1243, 'Blistex Lip Medex, 3Count', '1032630774', 'B004AIC5S8', 'X002HGRXUB', 0, 0),
(1244, 'ROY TN 101 150 -Royal Industries Number 101-150 Plastic Number Card Set, Plastic, 4\' by 4\', White Base with Black Numbers', '1032364224', 'B001TACN8C', 'X002H0TDM3', 0, 0),
(1245, 'Swiffer Sweeper Wet Mopping Pad Refills for Floor Mop with Febreze Lavender Scent, 12 Count (Packaging May Vary)', '1032195070', 'B00171K6AU', 'X002GRQGE5', 0, 0),
(1246, 'Palmolive Antibacterial Liquid and Hand Soap 10 Oz Pack of 3', '1032195311', 'B00LZVOD56', 'X002GRV2AN', 0, 0),
(1247, 'Blistex Medicated Lip Balm, Lip Medex - for Cold, Sores, Cracked & Dry Lips - 0.25 Oz x 2 Pack', '1032155654', 'B07MXNGSK5', 'X002GP32ZN', 0, 0),
(1248, 'Blistex Lip Medex 0.25 oz (Pack of 3)', '1032155669', 'B00H8AC8A0', 'X002GPG8LN', 0, 0),
(1249, 'Mogul Egg Shaped USB Table Lamp. Himalayan Pink Salt Lamp with Wooden Base, UL Certified Cord with USB', '1032133468', 'B07J673J1K', 'X002GO3T2P', 0, 0),
(1250, 'Fiesta 19-Ounce Medium Bowl, Plum', '1032000677', 'B0000CAQAE', 'X002GH0XEJ', 0, 0),
(1251, 'Fiesta 6-1/4-Ounce Fruit Bowl, Plum', '1031815373', 'B0000CEOOG', 'X002G6I9FZ', 0, 0),
(1252, 'Mogul Himalayan Pink Salt Angel Lamp', '1029605070', 'B07JG1G5BD', 'X002CAVRJF', 0, 0),
(1253, 'Crest Complete Whitening Plus Scope Minty Fresh Toothpaste, Travel Size, TSA Approved, 0.85 Ounce (Pack of 12)', '1031240821', 'B00GFGBAVQ', 'X002F9JNET', 0, 0),
(1254, 'Swiffer Wet Refill 12 count (pack of 2)', '1031343671', 'B00GP1V34U', 'X002FFPEGJ', 0, 0),
(1255, 'Royal Industries Gravy Boat, Stainless Steel, 16 Oz, Silver', '1031201356', 'B008N3DQP2', 'X002F6H8Z3', 0, 0),
(1256, '-Royal Industries Pie Pan, 11\" Inside Diameter, 1 1/4\" Deep, Aluminum, 21 Guage, Commercial Grade', '1031201360', 'B008NAJRGW', 'X002F6LH8R', 0, 0),
(1257, 'Mogul Egg Shaped Lamp, 11 inches (L). Himalayan Pink Salt Lamp with Wooden Base, UL Certified Cord', '1031050304', 'B07J53RQVP', 'X002EWDDST', 0, 0),
(1258, 'Mogul- Pink Himalayan Salt Crystals with Built-in Grinder', '1031050842', 'B07JCD94YN', 'X002EWFMFV', 0, 0),
(1259, 'Mogul Ball Lamp Size 6 Inch. Himalayan Pink Salt Lamp with Wooden Base, UL Certified Cord, and Light Bulb(15 Watts)', '1031053325', 'B07J451W88', 'X002EWKN6T', 0, 0),
(1260, 'Mogul Tower Lamp, 11 inches (L). Himalayan Pink Salt Lamp with Wooden Base, UL Certified Cord, and Light Bulb(15 Watts)', '1031053116', 'B07J2PRWW4', 'X002EWKL1L', 0, 0),
(1261, 'Mogul Salt Lamp (4-8lbs), Height, UL Certified. Himalayan Pink Salt Lamp with Wooden Base and Light', '1031052979', 'B07J2MK1H3', 'X002EWRKQ5', 0, 0),
(1262, 'Motrin IB - Ibuprofen Tablets, Two Tablets Per Packet, 50 Packets Total, One Box', '1030915620', 'B005NIIREK', 'X002EOZH1D', 0, 0),
(1263, 'Band-aid Flex Fabric Travel Pack - 8 Each/pack (12 Pack)', '1030729448', 'B000UX4LS4', 'X002EFL0L3', 0, 0),
(1264, 'Royal Industries Glass Sugar Pourer, 12oz, Clear', '1030722115', 'B073SHMB5R', 'X002EFHLKH', 0, 0),
(1265, 'Thank You Card Set 40 Pieces, Thank You Gift Cards in Envelopes with 5 Designs in Vibrant Colors, Bulk Pack Card Notes for Baby Showers, Wedding, Birthdays, Baby Shower', '1030729485', 'B0825FC47F', 'X002EFMZM1', 0, 0),
(1266, 'Arm & Hammer Baking Soda, Fridge-N-Freezer Pack, Odor Absorber, 14 oz - 2 Pack', '1030386498', 'B00S056D9E', 'X002DWUB1R', 0, 0),
(1267, 'Vaseline Lip Therapy Advanced Formula 0.35 oz ( Pack of 3)', '1030275765', 'B004DLRGMW', 'X002DQXOUX', 0, 0),
(1268, 'AXE Deodorant Body Spray Black New Edition 150 ML - Pack of 6', '1030275860', 'B0157EO446', 'X002DQVVOT', 0, 0),
(1269, 'Palmolive Ultra Strength Liquid Dish Soap, Original, 20 fl oz,set of 2', '1030275960', 'B07G7TB7KJ', 'X002DNH4I9', 0, 0),
(1270, 'Amscan Pom Yarn Spings Head Bopper, 9\" x 4 1/2\", Orange', '1030110509', 'B01BHFXWZG', 'X002D4MSYD', 0, 0),
(1271, 'Amscan 8020.57 Vanilla Cream Value Plastic Cutlery Set, 200ct', '1030110520', 'B00BFX88MI', 'X002D4MT01', 0, 0),
(1272, 'amscan Frosty White Luncheon Napkins - 6 1/2\" x 6 1/2\" - 100 Pcs', '1030110522', 'B001BYHF70', 'X002D4M7MB', 0, 0),
(1273, '2-Ply New Pink Luncheon Napkins - 6 1/2\" x 6 1/2\" 40 Ct. | Party Tableware', '1030110523', 'B00AEHJHR6', 'X002D4M7NP', 0, 0),
(1274, 'Chocolate Brown 2-Ply Luncheon Napkins - 6.5\" x 6.5\" | Pack of 40', '1030110528', 'B0031Q6EC8', 'X002D4MTCT', 0, 0),
(1275, 'Leaf Green 2-Ply Luncheon Napkins | Pack of 50 | Party Supply', '1030110535', 'B00AEHJKXM', 'X002D4LEZH', 0, 0),
(1276, 'Light Yellow 2-Ply Luncheon Napkins - 6.5\" x 6.5\" | Pack of 40', '1030110543', 'B00HHG9ISK', 'X002D4M8L1', 0, 0),
(1277, 'Berry Red 2-Ply Luncheon Napkins - 6.5\" x 6.5\" | Pack of 40', '1030110558', 'B0080JOKO0', 'X002D4M8QV', 0, 0),
(1278, '2-Ply Caribbean Blue Luncheon Napkins, 40 Ct., Party Tableware , 6 1/2\" x 6 1/2\"', '1030110559', 'B005CRPNAS', 'X002D4MA7N', 0, 0),
(1279, 'Amscan Premium Heavy Weight Plastic Spoons | Party Supply | Pack of 48 | Leaf Green', '1030110562', 'B00AEHCGCY', 'X002D4MA91', 0, 0),
(1280, 'Amscan Premium Heavy Weight Disposable-Spoons, Full Size, Berry', '1030110568', 'B008ALW9W8', 'X002D4LFDN', 0, 0),
(1281, 'Arm & Hammer Baking Soda - Net Wt 1 lb - (Pack Of 2)', '1015607129', 'B00CVY459K', 'X001L71YBV', 0, 0),
(1282, 'Palmolive Ultra Antibacterial Orange Dish Washing Liquid, 10 oz, 2 pack', '1029730430', 'B07GGMR8BJ', 'X002CIDAYH', 0, 0),
(1283, 'Royal Industries Pastry Brush, Nylon Bristles with Plastic Handle, 1 1/2\", Commercial Grade', '1029780217', 'B002X3CTYM', 'X002CLCA77', 0, 0),
(1284, 'Mogul Pure Himalayan Massage Stones Pure Himalayan Pink Salt (2 Qty)', '1029605047', 'B07J9NVRLM', 'X002CAVWYP', 0, 0),
(1285, 'Mogul- Miniature Pyramid Shaped USB Table Lamp. Himalayan Pink Salt Lamp with Wooden Base, UL Certified Cord with USB', '1029605078', 'B07J5MP82T', 'X002CAVJBB', 0, 0),
(1286, 'Mogul- Pure Himalayan Salt Lick with Rope for Animals', '1029605085', 'B07J9RD4H3', 'X002CAW59V', 0, 0),
(1287, 'Mogul- Miniature Natural Shaped USB Lamp. Himalayan Pink Salt Lamp with Wooden Base, UL Certified Cord with USB', '1029605101', 'B07J5VM942', 'X002CAVZ0B', 0, 0),
(1288, 'Northern Lights Candles Whiskey and Tobacco Spirit Candle, 5 oz, Amber', '1029652624', 'B00V366BSA', 'X002CDFZYP', 0, 0),
(1289, 'Northern Lights Candles Blacksmith Candle Holder Pillar Base', '1029652715', 'B017WHIPPA', 'X002CDFNKB', 0, 0),
(1290, 'Northern Lights Candles Spirit Candles, Dark Rum & Oak', '1029652760', 'B00PVOPKVE', 'X002CDFSO7', 0, 0),
(1291, 'Northern Lights Candles Spirit Candles, Green', '1029652789', 'B00PVOPUKA', 'X002CDFWRF', 0, 0),
(1292, 'Northern Lights Candles 2 Piece Premium Taper Candle, 12\", Aqua', '1029652807', 'B00PB1P850', 'X002CDFWYN', 0, 0),
(1293, 'Smart Home Plug by Hashblue - Compatible With Alexa Google Home and IFTTT - Remotely Control Your Home (4 pieces) - Monitor Your Devices From Smart Life App - Download App on iPhone and Android', '1029451919', 'B07PBNFXGG', 'X002C0SKC7', 0, 0),
(1294, 'Fiesta Fruit Bowl, 6-1/4-Ounce, Lapis', '1029407008', 'B00BZ1ED6U', 'X002BXYX5D', 0, 0),
(1295, 'Uline Plastic Truck Seals | Tamper Evident; Each Seal is Numbered Sequentially; Use for Truck, Trailer, Container | Pack of 100 (Red)', '1029294779', 'B07JKPGK8L', 'X002BS577V', 0, 0),
(1296, 'Crest 3D White Brilliance Toothpaste, Vibrant Peppermint, Travel Size, 0.85 oz (24g) - Pack of 12', '1029194000', 'B07LB4MQ7H', 'X002BLH4AL', 0, 0),
(1297, 'ROY TN 1 50 -Royal Industries Number 1-50 Plastic Number Card Set, Plastic, 4\' by 4\', White Base with Black Numbers', '1029180107', 'B001TA4SYE', 'X002BKT3AL', 0, 0),
(1298, 'ROY TN 1 25 -Royal Industries Number 1-25 Plastic Number Card Set, Plastic, 4\' by 4\', White Base with Black Numbers', '1029180115', 'B001TACN8W', 'X002BKRSDZ', 0, 0),
(1299, 'Swiffer Sweeper Dry Sweeping Pad Multi Surface Refills for Dusters Floor Mop, Gain, 16 Count (Packaging May Vary)', '1028969455', 'B00I7L6JAY', 'X002B71JSD', 0, 0),
(1300, 'ROY TN 1 100 -Royal Industries Number 1-100 Plastic Number Card Set, Plastic, 4\' by 4\', White Base with Black Numbers', '1028910674', 'B001TA4SXK', 'X002B50WR9', 0, 0),
(1301, 'Trim Nailcare Fingernail Steel Clipper with File, Item Number 12500 (Pack of 6)', '1028905306', 'B001JYS8O6', 'X002B2HCG1', 0, 0),
(1302, 'Crayola Classic Color Pack Crayons, 8 Colors/Box (52-3008)', '1028358471', 'B06XDLLW69', 'X0029Z2FIP', 0, 0),
(1303, 'Crayola Crayons,8 Count (3 Pack), Pack of 3, 3 Piece', '1028358515', 'B013RTA6YK', 'X0029VU6Q7', 0, 0),
(1304, 'Crayola 8ct Washable Markers Fine', '1028359131', 'B00006IFJ3', 'X0029VUB5D', 0, 0),
(1305, 'Crayola Ultra-Clean Washable Markers, Color Max, Fine Line Classic Colors 8 Ea', '1028359477', 'B005EM7OP8', 'X0029VUF1N', 0, 0),
(1306, 'Crayola Broad Line Markers, Classic Colors 10 Each (Pack of 2)', '1028359750', 'B013PKWQTY', 'X0029T8CJ7', 0, 0),
(1307, 'Crayola Crayons 24 ct (Pack of 2)', '1028133875', 'B0096XWNNY', 'X0029K1U8V', 0, 0),
(1308, 'Crayola Classic Color Pack Crayons, 24 Count, (Pack of 4)', '1028133929', 'B00FX9G28C', 'X0029ENEKJ', 0, 0),
(1309, 'Crayola Crayons 24 in A Box (Pack of 6) 144 Crayons in Total', '1028133953', 'B00AY7LQS4', 'X0029CQARF', 0, 0),
(1310, 'Crayola 24 Ct Crayons - 3 Boxes', '1028133977', 'B008R4XMRY', 'X0029FL93H', 0, 0),
(1311, 'Crayola Broad Point Washable Markers - Pack of 2 (58-7808-2Pack), Blue', '1028134710', 'B00NJGAJNU', 'X0029CQS1N', 0, 0),
(1312, 'Vaseline 100% Pure Petroleum Jelly, 13 Ounce [With Bonus 1.75 Ounce] (Pack of 2)', '1028067284', 'B00XGNZRCY', 'X0029BEMUD', 0, 0),
(1313, 'Crayola 68-4012 Colored Pencils, 12-Count, pack of 3, Assorted Colors', '1028060629', 'B0033M0LZG', 'X0029BC21J', 0, 0),
(1314, 'Vaseline, 100% Pure Petroleum Jelly Baby, Dermatologist Recommended, Hypoallergenic, Skin Protectant, Treat & Prevent Diaper Rash and Chafed Skin, Seals out Wetness, 13 Ounce (Pack of 2 )', '1028036793', 'B007YP557W', 'X00298FNP9', 0, 0),
(1315, 'Vaseline Baby 100% Pure Petroleum Jelly, 13 Ounce [With Bonus 1.7 Ounce] (Pack of 2)', '1028036820', 'B01E97KN56', 'X0029B3JON', 0, 0),
(1316, 'Degree Women Dry Protection Antiperspirant Deodorant, Sheer Lilac, 2.6 Ounce, Pack of 6', '1028016183', 'B00KAR9YZU', 'X00299X3LT', 0, 0),
(1317, 'Degree Original Antiperspirant Deodorant 48-Hour Sweat & Odor Protection Shower Clean Antiperspirant for Women 2.6 oz', '1028016239', 'B000YK2O3C', 'X00299X5U3', 0, 0),
(1318, 'Royal Industries (ROY PST BR P 200) - 2\" Nylon Bristle Pastry Brush', '1027460710', 'B002X3KOZS', 'X0028A9QJ7', 0, 0),
(1319, 'Swiffer Sweeper Wet Mopping Pad Refills for Floor Mop Open Window Fresh Scent 12 Count - 1 Pack', '1026807524', 'B07M9LTZXD', 'X0026O3IWB', 0, 0),
(1320, 'Royal IndustriesTable-Crumber with Clip, Black', '1012901747', 'B00K6LFO7C', 'X001EPPWTZ', 0, 0),
(1321, 'Glade Carpet & Room Deodorizer - Clean Linen, 32 Ounce (Pack of 2)', '1026552157', 'B00MUEFHGG', 'X00262NPV7', 0, 0),
(1322, 'Glade Carpet and Room Refresher, Deodorizer for Home, Pets, and Smoke, Lavender and Peach Blossom, 32 Oz', '1026552187', 'B0088UYCS0', 'X002600BS9', 0, 0),
(1323, 'Glade Carpet and Room-Hawaiian Breeze-32 Oz', '1026552264', 'B00KOCKY6O', 'X00261RWL7', 0, 0),
(1324, 'Carpet Sweepers Bissell Sweep-up Sweeper Pets Carpet Floors Cordless Perfect for Cat Litter', '1026340002', 'B00SHPMXYG', 'X0024ZTDG7', 0, 0),
(1325, 'Palmolive Ultra Soft Touch Dish Liquid, Coconut Butter, 20 Ounce', '1026122970', 'B01N7ST39D', 'X0024GTF87', 0, 0),
(1326, 'Grandstream 21XX-STAND GXP21xx Series Phone Stand', '1025272608', 'B07232NWQ5', 'X00234IJOV', 0, 0),
(1327, 'Ortega Seasoning Mix, Taco Seasoning, 24 Ounce', '1025838236', 'B0037ZANTI', 'X0023X213H', 0, 0),
(1328, 'Glade Carpet and Room Powder, Lavender and Vanilla, 32-Ounce 2-Pack', '1025703135', 'B07BVLQW2L', 'X0023NZCXN', 0, 0),
(1329, 'Saboteur 2 Card Game', '1025699619', 'B013FAC4VO', 'X0023QGOW3', 0, 0),
(1330, 'Ziploc 71135 Sandwich Bags, Pack of 150, 6.5 x 5.875-Inch (16.5 cm x 14.9 cm)', '1025410464', 'B014G0APV8', 'X00239EJLX', 0, 0),
(1331, 'Degree Original Antiperspirant Deodorant 48-Hour Sweat & Odor Protection Sheer Powder Antiperspirant for Women 2.6 oz, Pack of 6', '1025410960', 'B001FB5TOA', 'X0023ABW49', 0, 0),
(1332, 'Grandstream 16XX-STAND GXP16xx Series Phone Stand', '1025272643', 'B071S5RYGM', 'X00234IX01', 0, 0),
(1333, 'Vaseline Pure Petroleum Jelly, Original 16.23 Oz (2 Pack)', '1024978072', 'B07MNHYZ44', 'X0022J4EVJ', 0, 0),
(1334, 'Vaseline Lip Therapy 0.25 Oz / 7g 3 Pack Bundle - Original, Rosy Lips & Cocoa Butter', '1024289120', 'B07K7VKBX5', 'X0020VKMGZ', 0, 0),
(1335, 'Pfaltzgraff Stoneware and Porcelain Cleaner 18 oz.', '1024217255', 'B000I5CAGY', 'X0020RFPYD', 0, 0),
(1336, 'AMIGO Games AMI18002 CLACK! Kids Magnetic Stacking Game with 36 Magnets, Multicolor', '1023436946', 'B07CN54C42', 'X001YR3VUP', 0, 0),
(1337, 'AMIGO Saboteur Strategy Card Game', '1023138574', 'B013FAC1JO', 'X001YC58I3', 0, 0),
(1338, 'Construction Paper Pack [Set of 3]', '1021894105', 'B00T1P2IQ4', 'X001W5VAS9', 0, 0),
(1339, 'Crayola Construction Paper, 240 Count, Multicolor, Model:99-3200', '1021795002', 'B00125Q27M', 'X001W0DSEX', 0, 0),
(1340, 'Crayola Construction Paper, 240 Count, Bulk School Supplies For Kids, 2-Pack School Paper', '1021794732', 'B00MJ8JSFE', 'X001W0I1I1', 0, 0),
(1341, 'Head & Shoulders Classic Clean 2-in-1 Dandruff Shampoo & Conditioner, 13.5 Ounce (Pack of 3)', '1021769065', 'B00LKQ6ORG', 'X001VOFYXX', 0, 0),
(1342, 'amscan Water Splash Balls - Mega Value Pack Favors, 24 Pcs', '1021653667', 'B01FOIRMNU', 'X001VNCIIN', 0, 0),
(1343, 'PAP2254 - Paper Mate Mirado Black Warrior Woodcase Pencil, 12 per pack (3 packs)', '1021607634', 'B00443G2JC', 'X001VG55W1', 0, 0),
(1344, 'Crazy Deals Super Stretch Rubber Bands, 500 Each, Black, Small', '1021607475', 'B01N4ENZKU', 'X001VX73RJ', 0, 0),
(1345, 'Degree Antiperspirant Deodorant 48-Hour Sweat and Odor Protection Shower Clean Antiperspirant for Women 2.6 oz Twin Pack', '1021607163', 'B00289FM4K', 'X001VP2OL7', 0, 0),
(1346, 'Crayola Ultraclean Fineline Classic Markers, 10 Count, 3-Pack', '1021148267', 'B00OQSFGMY', 'X001UR7FWT', 0, 0),
(1347, 'Trim BeautyCare Slant Tip Tweezers (3 Pack)', '1019450735', 'B071W242QJ', 'X001RK56HP', 0, 0),
(1348, 'Degree Original Antiperspirant Deodorant 48-Hour Sweat & Odor Protection Shower Clean Antiperspirant for Women, 2.6 Ounce (Pack of 6)', '1018881564', 'B001ET76WG', 'X001QIDE5T', 0, 0),
(1349, 'Degree Women Antiperspirant Deodorant Stick, Shower Clean, 2.6 Ounce (Pack of 1)', '1018881525', 'B004DN7VPW', 'X001QICS5L', 0, 0),
(1350, 'Head & Shoulders Smooth and Silky Anti-dandruff Shampoo, 13.5 Ounce', '1018881374', 'B01N12L7YG', 'X001QID0U3', 0, 0),
(1351, 'Febreze Unstopables Spring Wax Melts (8 Melts, 3 Oz)', '1018155750', 'B01MXKZJOZ', 'X001P44NCH', 0, 0),
(1352, 'Vaseline Lip Therapy 0.25 Oz 3 Pack Bundle - Creme Brulee, Rosy Lips & Cocoa Butter', '1016838163', 'B00WJE44DO', 'X001N0CC4T', 0, 0),
(1353, 'Vaseline Lip Therapy, Creme Brulee 0.25 Oz (3 Pack)', '1016838019', 'B014V82EF0', 'X001N0HVTF', 0, 0),
(1354, 'Oktoberfest Mylar Balloon Set (Set of 3) beer mug, Oktoberfest sigil and a pretzel design', '1015878859', 'B01KNFFW7W', 'X001LLOYA5', 0, 0),
(1355, 'OKTOBERFEST LATEX BALLOONS - Party Decor - 12 Pieces', '1015878815', 'B0143QD68Y', 'X001LLQQS3', 0, 0),
(1356, 'OKTOBERFEST WALL PENNANTS (2PC) - Party Decor - 2 Pieces', '1015878848', 'B01JX1BQZ4', 'X001LLQRWN', 0, 0),
(1357, 'Palmolive Ultra Strength Dish Soap-10 oz (Pack of 2)', '1015607144', 'B00XV1F820', 'X001L79MP1', 0, 0),
(1358, 'Excellante Ice Scoop, Polycarbonate, 12 oz, Clear', '1015457194', 'B00O8N5TK6', 'X001KWI8DT', 0, 0),
(1359, 'Crayola Ultraclean Broadline Classic Washable Markers (2-Pack)', '1014930721', 'B00LUZVV5W', 'X001JYZZY3', 0, 0),
(1360, 'Crayola Ultra-Clean Washable Markers, Fine Line Multicolor, 10 Count', '1014565478', 'B00IYDM83M', 'X001J4Z0Y3', 0, 0),
(1361, 'Palmolive Ultra Dish Liquid, Soft Touch Almond Milk and Blueberry, 25 Fl Oz', '1014225040', 'B00T4JQYRQ', 'X001H9GX23', 0, 0),
(1362, 'Head & Shoulders Classic Clean Dandruff Shampoo 13.5 Oz (Pack of 2)', '1014212078', 'B016WWLVMK', 'X001H8LM2Z', 0, 0),
(1363, 'Head & Shoulders Classic Clean Daily-Use Anti-Dandruff Shampoo, 13.5 Fl Oz (Pack of 2)', '1014183311', 'B004CQ5MVU', 'X001H6NBKD', 0, 0),
(1364, 'Crayola Crayons, Bulk School Supplies For Kids, 24 Count Crayon Box (Pack Of 6), Assorted Colors', '1014183275', 'B00LK0NFMY', 'X001H6V8AN', 0, 0),
(1365, 'Vaseline Lip Therapy Cocoa Butter.25 oz (Pack of 4)', '1014049713', 'B00H8BNEFW', 'X001GYPAUP', 0, 0),
(1366, 'Dawn Dish Soap, Ultra Dishwashing Liquid, Original, 14.6 Ounce, (Pack of 3)', '1013985483', 'B01NCSL1HK', 'X001GSXCBF', 0, 0),
(1367, 'Crayola Ultra-Clean Washable Markers, Color Max, Fine Line Classic Colors 8 Ea (Pack of 3)', '1013554976', 'B00MEM1IBW', 'X001G008I3', 0, 0),
(1368, 'Head and Shoulders Classic Clean 2-in-1 Anti-Dandruff Shampoo + Conditioner 2', '1013050873', 'B001F51RL0', 'X001EXYPFT', 0, 0),
(1369, 'Yankee Candle Apple Pumpkin Scented, Classic 22oz Large Jar Single Wick Candle, Over 110 Hours of Burn Time', '1012922481', 'B008P8YTU6', 'X001EQ6ONR', 0, 0),
(1370, 'Arm & Hammer Pure Baking Soda, 8oz, Pack of 2', '1012789536', 'B00K1JFAVE', 'X001EHAUVD', 0, 0),
(1371, 'Hefty Slider 2.5 Gallon Jumbo Storage Bags, 12 Count Boxes (Pack of 4)', '1012575178', 'B00J2F3Z06', 'X001E2HKS9', 0, 0),
(1372, 'Dettol Anti Bacterial pH-Balanced Body Wash, Fresh, 21.1 Ounce/625 Ml (Pack of 2)', '1012410402', 'B0186GTDPW', 'X001DLRKT5', 0, 0),
(1373, 'Dettol Anti Bacterial pH-Balanced Body Wash, Cool, 21.1 Oz/625 Ml (Pack of 2)', '1012410391', 'B00YNJO4U6', 'X001DLPSZD', 0, 0),
(1374, 'Dettol Anti Bacterial pH-Balanced Body Wash, Original, 21.1 Oz/625 Ml (Pack of 2)', '1012410378', 'B00YNH6WLM', 'X001DL7R9D', 0, 0),
(1375, 'Dettol Anti Bacterial pH-Balanced Body Wash, Sensitive, 21.1 Oz / 625 Ml (Pack of 2)', '1012410321', 'B00YNJVJZ4', 'X001DQCZ9P', 0, 0),
(1376, 'Palmolive Ultra Dish Liquid, Lotus Blossom & Lavender, 25 Ounce', '1012410998', 'B00D5YSBM2', 'X001DL6BHH', 0, 0),
(1377, 'Head & Shoulders Classic Clean Dandruff Shampoo 13.5 Oz', '1012410150', 'B000Q65XVY', 'X001DLWJ5P', 0, 0),
(1378, 'Arm & Hammer Baking Soda, Fridge-N-Freezer Pack, Odor Absorber, 14oz (Pack of 3)', '1012409999', 'B01JF9J48A', 'X001DLU2S1', 0, 0),
(1379, 'Vaseline Lip Therapy Rosy Lips, 0.25 oz, 4 pk', '1012023564', 'B00MUE9CVC', 'X001CZK5SZ', 0, 0),
(1380, 'Arm & Hammer Pure Baking Soda, 8 Ounce (Pack of 3)', '1012023416', 'B00K1JFC0S', 'X001D2QCZ7', 0, 0),
(1381, 'Vaseline Lip Therapy Rosy Lips 0.25 Oz./7 Grams, Pack of 2', '1011505805', 'B00GI299M4', 'X001CCAFEH', 0, 0),
(1382, 'CORNINGWARE StoveTop 2L to 3L Square Glass Cover', '1010372428', 'B0088HOWH4', 'X001AH9GSZ', 0, 0),
(1383, 'IKEA - GODIS Glass, clear glass 14oz 6 pack', '1010262375', 'B071DPVX85', 'X001AE2C4X', 0, 0),
(1384, 'Hefty Jumbo Slider Bags 15 ct', '1010154440', 'B00LSXZM38', 'X001A4W65X', 0, 0),
(1385, 'Bakelicious Swirl Plastic Measuring Cup, 1, Pink', '1010108504', 'B00UBMFNKY', 'X001A17N3B', 0, 0),
(1386, 'Magazine file Pack of 8 White', '1009939128', 'B01E2QX4SC', 'X0019YWD11', 0, 0),
(1387, 'Pack of 250 Paper Table Reserved Sign', '1008753755', 'B00NT1SWJ8', 'X0017V8R3T', 0, 0),
(1388, 'Lodge Heat Treated Miniature Skillet, Cast Iron, 5\", Black', '1008251321', 'B00LJSETWM', 'X00174FRTD', 0, 0),
(1389, 'Crayola Crayons 24 Colors, (Pack of 6), Multicolor', '1007709093', 'B011CY8HPC', 'X0016ANHQD', 0, 0),
(1390, 'Splash Balls | Party Favor | 24 Ct.', '1007569772', 'B00A2UV4PI', 'X00160IOO3', 0, 0),
(1391, 'Bic Wite-Out Quick Dry Correction Fluid - 2 pack - white color writeout - white-out', '1007410873', 'B0041IJ4NG', 'X0015SDOIR', 0, 0),
(1392, 'Mrs Meyers Kitchen Basics Bundle: 3 items - (1) Dish Soap, (1) Hand Soap, (1) Everyday Cleaner (Mint)', '1018881313', 'B079VMR1T3', 'X001QICUVX', 0, 0),
(1393, 'Palmolive Ultra Soft Touch Almond Milk & Blueberry, Dish Soap, 591 ml / 20 Fl.Oz - 3 Packs', '1034905648', 'B07HHJP7BF', 'X002LM7RWZ', 0, 0),
(1394, 'Kleenex Everyday Pocket Packs Facial Tissues (32 Packs of 9 Tissues) Total 288 Tissues', '1044899943', 'B01MSWM589', 'X0031Y7RAJ', 0, 0),
(1395, 'ZEISS Lens Wipes, 220 ct. 3 Pack (660 Total)', '1050514229', 'B07YSW352Z', 'X003ADI26T', 0, 0),
(1396, 'Barbasol Shave Cream 7 Ounce (Pacific Rush, Pack of 2)', '1051884760', 'B07PN46XC2', 'X003COIQHV', 0, 0),
(1397, 'LOreal Paris Skincare Hydra Genius Daily Liquid Care Oil-Free Face Moisturizer for Normal to Oily Skin, Hyaluronic Acid Moisturizer for Face with Aloe Water and Hyaluronic Acid, 3.04 fl. oz.', '1053711602', 'B01MG4PZK0', 'X003GJ9S3X', 0, 0),
(1398, 'Natures Bounty Melatonin 100% Drug Free Sleep Aid, Dietary Supplement, Promotes Relaxation and Sleep Health, 5 mg, 90 Count, Pack of 3', '1053868902', 'B001GCU8C6', 'X003H77DWR', 0, 0),
(1399, 'Cellas Milk Chocolate Covered Cherries 11oz.', '1053537056', 'B00337PKFW', 'X003FVOVIT', 0, 0);

-- --------------------------------------------------------

--
-- Struktur dari tabel `role`
--

CREATE TABLE `role` (
  `id` int(11) NOT NULL,
  `title` varchar(20) NOT NULL
) ENGINE=InnoDB DEFAULT CHARSET=utf8mb4;

--
-- Dumping data untuk tabel `role`
--

INSERT INTO `role` (`id`, `title`) VALUES
(1, 'Manager'),
(2, 'User');

-- --------------------------------------------------------

--
-- Struktur dari tabel `userlog`
--

CREATE TABLE `userlog` (
  `id` int(3) NOT NULL,
  `username` varchar(55) DEFAULT NULL,
  `loginTime` timestamp NULL DEFAULT current_timestamp(),
  `logoutTime` timestamp NULL DEFAULT current_timestamp()
) ENGINE=InnoDB DEFAULT CHARSET=utf8mb4;

--
-- Dumping data untuk tabel `userlog`
--

INSERT INTO `userlog` (`id`, `username`, `loginTime`, `logoutTime`) VALUES
(17, 'Vicky Aditya', '2022-09-01 23:31:32', '2022-09-01 23:32:01'),
(18, 'Vicky Aditya', '2022-09-02 02:05:02', '2022-09-02 02:05:17'),
(19, 'Vicky Aditya', '2022-09-02 02:06:37', '2022-09-02 02:07:04'),
(20, 'Vicky Aditya', '2022-09-02 02:12:21', '2022-09-02 02:58:48'),
(21, 'Vicky Aditya', '2022-09-02 02:59:28', '2022-09-02 03:00:32'),
(23, 'Vicky Aditya', '2022-09-04 20:52:17', '2022-09-04 20:54:23'),
(24, 'Vicky Aditya', '2022-09-04 21:12:32', '2022-09-04 23:23:10'),
(25, 'Vicky Aditya', '2022-09-04 23:24:08', '2022-09-04 23:25:53'),
(26, 'Vicky Aditya', '2022-09-04 23:38:43', '2022-09-04 23:40:51'),
(27, 'Vicky Aditya', '2022-09-04 23:41:34', '2022-09-04 23:43:52'),
(28, 'Vicky Aditya', '2022-09-04 23:45:33', '2022-09-04 23:45:38'),
(29, 'Vicky Aditya', '2022-09-04 23:48:07', '2022-09-04 23:50:26'),
(30, 'Vicky Aditya', '2022-09-05 04:55:30', '2022-09-05 04:56:01'),
(31, 'Vicky Aditya', '2022-09-05 05:00:05', '2022-09-05 05:34:11'),
(32, 'Vicky Aditya', '2022-09-05 05:34:29', '2022-09-05 09:23:07'),
(33, 'Vicky Aditya', '2022-09-05 09:38:57', '2022-09-06 04:56:50'),
(35, 'Vicky Aditya', '2022-09-06 06:50:46', '2022-09-06 08:54:36'),
(37, 'Vicky Aditya', '2022-09-07 02:25:55', '2022-09-07 02:46:56'),
(39, 'Vicky Aditya', '2022-09-08 03:09:17', '2022-09-08 07:40:48'),
(40, 'Kamal', '2022-09-08 07:40:56', '2022-09-08 07:43:27'),
(41, 'Kamal', '2022-09-08 07:43:44', '2022-09-08 07:44:30'),
(42, 'Kamal', '2022-09-08 07:44:36', '2022-09-08 07:47:27'),
(44, 'Vicky Aditya', '2022-09-26 00:26:40', '2022-09-26 06:33:03'),
(45, 'Kamal', '2022-09-26 06:33:28', '2022-09-26 06:42:55'),
(46, 'Vicky Aditya', '2022-09-26 06:43:00', '2022-09-26 07:55:53'),
(47, 'Kamal', '2022-09-27 02:50:56', '2022-09-27 08:44:37'),
(48, 'Kamal', '2022-09-28 03:05:18', '2022-09-28 07:49:33'),
(49, 'Kamal', '2022-09-29 03:32:17', '2022-09-29 03:50:43'),
(50, 'Test', '2022-09-29 03:50:51', '2022-09-29 03:51:06'),
(51, 'Vicky Aditya', '2022-09-29 03:51:12', '2022-09-29 05:12:09'),
(52, 'Vicky Aditya', '2022-09-29 08:39:29', '2022-09-29 08:40:45'),
(53, 'Vicky Aditya', '2022-09-29 08:40:58', '2022-09-29 08:41:32'),
(54, 'Vicky Aditya', '2022-09-29 08:44:13', '2022-09-29 08:44:38'),
(55, 'Vicky Aditya', '2022-09-29 08:44:54', '2022-09-29 08:45:14'),
(56, 'Kamal', '2022-09-29 08:45:54', '2022-09-29 08:46:05'),
(57, 'Vicky Aditya', '2022-09-29 08:46:59', '2022-09-29 08:47:15'),
(58, 'Vicky Aditya', '2022-09-30 02:34:14', '2022-09-30 02:39:48'),
(59, 'Kamal', '2022-09-30 02:40:48', '2022-09-30 02:48:56'),
(60, 'Vicky Aditya', '2022-09-30 02:49:07', '2022-09-30 03:04:23'),
(61, 'Vicky Aditya', '2022-09-30 03:04:31', '2022-09-30 03:10:27'),
(62, 'Vicky Aditya', '2022-09-30 03:10:32', '2022-09-30 03:24:02'),
(63, 'Vicky Aditya', '2022-09-30 03:24:07', '2022-09-30 03:28:44'),
(64, 'Kamal', '2022-09-30 03:28:51', '2022-09-30 03:33:56'),
(65, 'Vicky Aditya', '2022-09-30 03:34:03', '0000-00-00 00:00:00'),
(66, '', '2022-09-30 04:04:32', '0000-00-00 00:00:00'),
(67, '', '2022-09-30 04:04:36', '0000-00-00 00:00:00'),
(68, '', '2022-09-30 04:04:44', '0000-00-00 00:00:00'),
(69, 'Vicky Aditya', '2022-09-30 04:05:42', '2022-09-30 04:05:55'),
(70, 'Test', '2022-09-30 04:06:23', '2022-09-30 04:09:55'),
(71, 'Test', '2022-09-30 04:10:31', '2022-09-30 04:12:34'),
(72, 'Vicky Aditya', '2022-09-30 04:12:42', '2022-09-30 04:13:40'),
(73, 'Test', '2022-09-30 04:13:45', '2022-09-30 04:15:30'),
(74, 'Vicky Aditya', '2022-09-30 04:15:35', '2022-09-30 04:15:53'),
(75, 'Test', '2022-09-30 04:16:05', '2022-09-30 04:17:41'),
(76, 'Vicky Aditya', '2022-09-30 04:17:45', '2022-09-30 04:22:54'),
(77, 'Vicky Aditya', '2022-09-30 04:23:02', '2022-09-30 04:28:37'),
(78, 'Vicky Aditya', '2022-09-30 04:28:41', '2022-09-30 04:28:46'),
(79, 'Vicky Aditya', '2022-09-30 04:29:18', '2022-09-30 04:32:22'),
(80, 'Vicky Aditya', '2022-09-30 04:32:26', '2022-09-30 04:36:57'),
(81, 'Vicky Aditya', '2022-09-30 06:43:01', '2022-09-30 06:52:44'),
(82, 'Vicky Aditya', '2022-09-30 06:52:49', '2022-09-30 06:57:03'),
(83, 'Test', '2022-09-30 06:57:08', '2022-09-30 07:05:03'),
(84, 'Test', '2022-09-30 07:05:09', '2022-09-30 07:10:28'),
(85, 'Vicky Aditya', '2022-09-30 07:10:46', '2022-09-30 07:16:14'),
(86, 'Vicky Aditya', '2022-09-30 07:17:18', '2022-09-30 07:24:49'),
(87, 'Vicky Aditya', '2022-09-30 07:24:54', '2022-09-30 07:31:27'),
(88, 'Vicky Aditya', '2022-09-30 07:31:33', '2022-09-30 07:38:17'),
(89, 'Vicky Aditya', '2022-09-30 07:38:22', '2022-09-30 07:44:23'),
(90, 'Test', '2022-09-30 07:44:29', '2022-09-30 07:44:39'),
(91, 'Vicky Aditya', '2022-10-03 08:49:46', '2022-10-03 09:45:44'),
(92, 'Vicky Aditya', '2022-10-03 09:45:50', '2022-10-03 10:25:15'),
(93, 'Vicky Aditya', '2022-10-04 05:33:07', '2022-10-04 05:41:47'),
(94, 'Vicky Aditya', '2022-10-04 05:41:53', '2022-10-04 05:46:55'),
(95, 'Vicky Aditya', '2022-10-04 05:47:01', '2022-10-04 05:52:18'),
(96, 'Vicky Aditya', '2022-10-04 05:52:23', '2022-10-04 06:04:17'),
(97, 'Vicky Aditya', '2022-10-04 06:04:23', '2022-10-04 09:38:22'),
(98, 'Vicky Aditya', '2022-10-04 09:38:29', '2022-10-04 10:29:57'),
(99, 'Vicky Aditya', '2022-10-04 10:30:02', '2022-10-05 04:18:20'),
(100, 'Vicky Aditya', '2022-10-05 04:18:36', '2022-10-05 05:09:03'),
(101, 'Vicky Aditya', '2022-10-05 05:09:08', '2022-10-05 05:22:08'),
(102, 'Vicky Aditya', '2022-10-05 05:22:12', '2022-10-05 06:02:16'),
(103, 'Vicky Aditya', '2022-10-05 06:02:20', '2022-10-05 06:21:24'),
(104, 'Vicky Aditya', '2022-10-05 06:21:28', '2022-10-05 09:03:21'),
(105, 'Vicky Aditya', '2022-10-05 09:03:26', '2022-10-05 10:36:49'),
(106, 'Vicky Aditya', '2022-10-05 10:36:58', '2022-10-05 10:48:19'),
(107, 'Vicky Aditya', '2022-10-05 10:48:24', '2022-10-05 10:55:54'),
(108, 'Vicky Aditya', '2022-10-05 10:55:58', '2022-10-06 04:52:40'),
(109, 'Vicky Aditya', '2022-10-06 04:52:45', '2022-10-06 05:44:03'),
(110, 'Vicky Aditya', '2022-10-06 05:44:08', '2022-10-06 06:18:35'),
(111, 'Vicky Aditya', '2022-10-06 06:18:41', '2022-10-06 06:32:37'),
(112, 'Vicky Aditya', '2022-10-06 06:32:42', '2022-10-06 08:45:42'),
(113, 'Vicky Aditya', '2022-10-06 08:45:48', '2022-10-06 09:41:31'),
(114, 'Vicky Aditya', '2022-10-06 09:41:38', '2022-10-06 10:39:29'),
(115, 'Vicky Aditya', '2022-10-06 10:39:33', '2022-10-07 04:17:19'),
(116, 'Vicky Aditya', '2022-10-07 05:04:37', '2022-10-07 06:13:33'),
(117, 'Vicky Aditya', '2022-10-07 06:13:38', '2022-10-07 09:17:05'),
(118, 'Vicky Aditya', '2022-10-07 09:17:17', '2022-10-07 10:24:53'),
(119, 'Vicky Aditya', '2022-10-07 10:25:02', '2022-10-07 11:19:30'),
(120, 'Vicky Aditya', '2022-10-07 11:19:35', '0000-00-00 00:00:00'),
(121, 'Vicky Aditya', '2022-10-08 07:35:31', '2022-10-08 08:33:36'),
(122, 'Vicky Aditya', '2022-10-08 08:33:41', '2022-10-08 15:52:17'),
(123, 'Vicky Aditya', '2022-10-08 15:52:58', '2022-10-08 15:53:26'),
(124, 'Vicky Aditya', '2022-10-08 15:53:33', '2022-10-10 02:01:01'),
(125, 'Vicky Aditya', '2022-10-10 02:01:08', '2022-10-10 02:51:37'),
(126, 'Vicky Aditya', '2022-10-10 02:51:41', '2022-10-10 02:59:16'),
(127, 'Vicky Aditya', '2022-10-10 02:59:20', '2022-10-10 03:09:26'),
(128, 'Vicky Aditya', '2022-10-10 03:09:30', '2022-10-10 03:21:22'),
(129, 'Vicky Aditya', '2022-10-10 03:21:25', '2022-10-10 03:26:52'),
(130, 'Vicky Aditya', '2022-10-10 03:26:55', '2022-10-10 03:39:13'),
(131, 'Vicky Aditya', '2022-10-10 03:39:17', '2022-10-11 11:48:11'),
(132, 'Vicky Aditya', '2022-10-11 11:48:16', '2022-10-11 12:50:47'),
(133, 'Vicky Aditya', '2022-10-11 12:50:49', '2022-10-11 23:04:34'),
(134, 'Vicky Aditya', '2022-10-11 23:04:36', '2022-10-11 23:38:18'),
(135, 'Vicky Aditya', '2022-10-11 23:38:20', '2022-10-12 00:04:40'),
(136, 'Vicky Aditya', '2022-10-12 00:04:41', '2022-10-12 00:20:26'),
(137, 'Vicky Aditya', '2022-10-12 00:20:27', '2022-10-12 00:36:38'),
(138, 'Vicky Aditya', '2022-10-12 00:36:40', '2022-10-12 00:46:14'),
(139, 'Vicky Aditya', '2022-10-12 00:46:15', '0000-00-00 00:00:00'),
(140, 'Vicky Aditya', '2022-10-13 11:32:35', '0000-00-00 00:00:00'),
(141, 'Vicky Aditya', '2022-10-17 11:20:43', '0000-00-00 00:00:00'),
(142, 'Vicky Aditya', '2022-10-19 12:18:17', '0000-00-00 00:00:00'),
(143, 'Vicky Aditya', '2022-10-21 15:50:15', '2022-10-21 22:38:07'),
(144, 'Vicky Aditya', '2022-10-21 22:47:26', '2022-10-21 23:31:33'),
(145, 'Vicky Aditya', '2022-10-25 02:19:06', '0000-00-00 00:00:00'),
(146, 'Vicky Aditya', '2022-10-25 02:42:24', '0000-00-00 00:00:00'),
(147, 'Vicky Aditya', '2022-10-26 03:08:46', '0000-00-00 00:00:00'),
(148, 'Vicky Aditya', '2022-10-27 06:12:29', '0000-00-00 00:00:00'),
(149, 'Vicky Aditya', '2022-10-28 02:11:43', '0000-00-00 00:00:00'),
(150, 'Vicky Aditya', '2022-10-29 01:28:04', '0000-00-00 00:00:00'),
(151, 'Vicky Aditya', '2022-11-02 02:14:49', '0000-00-00 00:00:00'),
(152, 'Vicky Aditya', '2022-11-02 03:07:02', '2022-11-02 07:25:55'),
(153, 'Vicky Aditya', '2022-11-03 02:17:35', '2022-11-03 08:37:03'),
(154, 'Vicky Aditya', '2022-11-08 14:40:26', '2022-11-08 22:58:13'),
(155, 'Test', '2022-11-08 22:58:19', '0000-00-00 00:00:00');

-- --------------------------------------------------------

--
-- Struktur dari tabel `users`
--

CREATE TABLE `users` (
  `id` int(11) NOT NULL,
  `username` varchar(255) NOT NULL,
  `email` varchar(255) NOT NULL,
  `password` varchar(255) NOT NULL
) ENGINE=InnoDB DEFAULT CHARSET=utf8mb4;

--
-- Dumping data untuk tabel `users`
--

INSERT INTO `users` (`id`, `username`, `email`, `password`) VALUES
(1, 'Vicky Aditya', 'vicky@mail.com', 'password'),
(2, 'Kamal', 'kamal@mail.com', 'password'),
(3, 'Test', 'user@mail.com', 'password'),
(4, '', '', 'password'),
(5, '', '', 'password');

--
-- Indexes for dumped tables
--

--
-- Indeks untuk tabel `daily_input`
--
ALTER TABLE `daily_input`
  ADD PRIMARY KEY (`id`);

--
-- Indeks untuk tabel `daily_input_detail`
--
ALTER TABLE `daily_input_detail`
  ADD PRIMARY KEY (`id`);

--
-- Indeks untuk tabel `department`
--
ALTER TABLE `department`
  ADD PRIMARY KEY (`id`);

--
-- Indeks untuk tabel `employee`
--
ALTER TABLE `employee`
  ADD PRIMARY KEY (`id`),
  ADD KEY `role_id` (`role_id`),
  ADD KEY `id_department` (`id_department`);

--
-- Indeks untuk tabel `import_result`
--
ALTER TABLE `import_result`
  ADD PRIMARY KEY (`id`);

--
-- Indeks untuk tabel `role`
--
ALTER TABLE `role`
  ADD PRIMARY KEY (`id`);

--
-- Indeks untuk tabel `userlog`
--
ALTER TABLE `userlog`
  ADD UNIQUE KEY `id` (`id`);

--
-- Indeks untuk tabel `users`
--
ALTER TABLE `users`
  ADD PRIMARY KEY (`id`);

--
-- AUTO_INCREMENT untuk tabel yang dibuang
--

--
-- AUTO_INCREMENT untuk tabel `daily_input`
--
ALTER TABLE `daily_input`
  MODIFY `id` int(4) NOT NULL AUTO_INCREMENT, AUTO_INCREMENT=29;

--
-- AUTO_INCREMENT untuk tabel `daily_input_detail`
--
ALTER TABLE `daily_input_detail`
  MODIFY `id` int(5) NOT NULL AUTO_INCREMENT, AUTO_INCREMENT=58;

--
-- AUTO_INCREMENT untuk tabel `department`
--
ALTER TABLE `department`
  MODIFY `id` int(11) NOT NULL AUTO_INCREMENT, AUTO_INCREMENT=7;

--
-- AUTO_INCREMENT untuk tabel `employee`
--
ALTER TABLE `employee`
  MODIFY `id` int(11) NOT NULL AUTO_INCREMENT, AUTO_INCREMENT=12;

--
-- AUTO_INCREMENT untuk tabel `import_result`
--
ALTER TABLE `import_result`
  MODIFY `id` int(11) NOT NULL AUTO_INCREMENT, AUTO_INCREMENT=1400;

--
-- AUTO_INCREMENT untuk tabel `role`
--
ALTER TABLE `role`
  MODIFY `id` int(11) NOT NULL AUTO_INCREMENT, AUTO_INCREMENT=3;

--
-- AUTO_INCREMENT untuk tabel `userlog`
--
ALTER TABLE `userlog`
  MODIFY `id` int(3) NOT NULL AUTO_INCREMENT, AUTO_INCREMENT=156;

--
-- AUTO_INCREMENT untuk tabel `users`
--
ALTER TABLE `users`
  MODIFY `id` int(11) NOT NULL AUTO_INCREMENT, AUTO_INCREMENT=6;

--
-- Ketidakleluasaan untuk tabel pelimpahan (Dumped Tables)
--

--
-- Ketidakleluasaan untuk tabel `employee`
--
ALTER TABLE `employee`
  ADD CONSTRAINT `employee_ibfk_1` FOREIGN KEY (`role_id`) REFERENCES `role` (`id`),
  ADD CONSTRAINT `employee_ibfk_2` FOREIGN KEY (`id_department`) REFERENCES `department` (`id`);
COMMIT;

/*!40101 SET CHARACTER_SET_CLIENT=@OLD_CHARACTER_SET_CLIENT */;
/*!40101 SET CHARACTER_SET_RESULTS=@OLD_CHARACTER_SET_RESULTS */;
/*!40101 SET COLLATION_CONNECTION=@OLD_COLLATION_CONNECTION */;
